,code,reg,alf15,alf14,alf13,alf12,alf11,alf10,alf09,alf08,alf07,alf06,alf05,alf04,alf03,alf02,alf01,alf00,alf99,alf98,alf97,alf96,alf95,alf94,alf93,af15,af14,af13,af12,af11,af10,af09,af08,af07,af06,af05,af04,af03,af02,af01,af00,af99,af98,af97,af96,af95,af94,af93,d√©partements,Tx_Hab_an01,Tx_Hab_an02,Tx_Hab_an03,Tx_Hab_an04,Tx_Hab_an05,Tx_Hab_an06,Tx_Hab_an07,Tx_Hab_an08,Tx_Hab_an09,Tx_Hab_an10,Tx_FonBat_an01,Tx_FonBat_an02,Tx_FonBat_an03,Tx_FonBat_an04,Tx_FonBat_an05,Tx_FonBat_an06,Tx_FonBat_an07,Tx_FonBat_an08,Tx_FonBat_an09,Tx_FonBat_an10_vote,Tx_FonBat_an10_ref,Tx_FonBat_an11,Tx_FonBat_an12,Tx_FonBat_an13,Tx_FonBat_an14,Tx_FonBat_an15,Tx_FonNonBat_an01,Tx_FonNonBat_an02,Tx_FonNonBat_an03,Tx_FonNonBat_an04,Tx_FonNonBat_an05,Tx_FonNonBat_an06,Tx_FonNonBat_an07,Tx_FonNonBat_an08,Tx_FonNonBat_an09,Tx_FonNonBat_an10,Tx_Pro_an01,Tx_Pro_an02,Tx_Pro_an03,Tx_Pro_an04,Tx_Pro_an05,Tx_Pro_an06,Tx_Pro_an07,Tx_Pro_an08,Tx_Pro_an09
0,01,82,6773.0,6833,6862,6786,6896,6887,7165,7137,6495,6337,6327,6271,6146,6077,6017,6182,6189,6189,5916,5979,6140,5935,5806,47043.0,47042,46437,45850,45830,45522,45280,44683,44175,43795,43290,40274,39524,38917,38164,37570,36878,34243,35563,34975,34250,33751,33347,ain,4.229999989271164,4.439999997615814,4.44,4.44,4.659999996423721,4.939999997615814,4.939999997615814,4.939999999999827,5.68,5.75,5.379999995231628,5.649999991059303,5.65,5.65,5.929999992251396,6.28999999165535,6.28999999165535,6.289999999999964,7.23,7.32,10.6,10.9,12.54,13.67,13.85,13.97,18.919999957084656,19.869999945163727,19.87,19.87,20.85999995470047,22.10999995470047,22.10999995470047,22.109999999999673,25.42,25.73,6,6.299999997019768,6.3,6.3,6.61999998986721,7.019999995827675,7.019999995827675,7.019999999999982,8.07
1,02,22,13549.0,13801,13782,13755,14023,13938,14284,14285,13509,13291,13498,13171,13332,13374,13391,13320,12993,12599,12067,11669,11171,10579,9879,39350.0,39275,39016,38910,38983,38951,38996,38959,39021,39069,39281,37353,37148,37331,37410,37669,37945,36206,37638,37621,37479,37345,37129,aisne,8.73999997973442,9.359999984502792,9.52,9.71,11.02999997138977,11.309999972581863,11.409999996423721,11.479999999999563,11.48,6.53,11.819999992847443,12.659999996423721,12.87,13.13,14.919999986886978,15.28999999165535,15.429999977350235,15.52,15.52,25.0,31.72,31.72,31.72,31.72,31.72,31.72,25.599999964237213,27.429999947547913,27.89,28.45,32.3199999332428,33.12999999523163,33.42999994754791,33.6299999999992,33.63,19.14,6.829999998211861,7.319999992847443,7.44,7.59,8.61999997496605,8.839999973773956,8.919999986886978,8.9699999999998,8.97
2,03,83,7020.0,7052,7060,6950,7068,7058,6994,7072,6575,6526,6622,6585,6578,6768,6866,6840,6818,6860,6786,6837,6904,6709,6604,20288.0,20347,20400,20270,20348,20299,20223,20116,19936,19907,19808,18688,18392,18364,18463,18520,18437,17575,18431,18435,18445,18433,18502,allier,7.569999992847443,7.799999997019768,8.11,8.11,8.309999972581863,8.809999972581863,8.809999972581863,8.809999999999945,9.6,10.18,8.449999988079071,8.699999988079071,9.05,9.05,9.27999997138977,9.839999973773956,9.839999973773956,9.83999999999969,10.73,11.37,17.8,18.29,19.53,20.08,20.21,20.31,18.52999997138977,19.0799999833107,19.84,19.84,20.339999973773956,21.55999994277954,21.55999994277954,21.55999999999949,23.5,24.91,9.73999997973442,10.02999997138977,10.43,10.43,10.689999997615814,11.3299999833107,11.3299999833107,11.329999999999927,12.35
3,04,93,4162.0,4160,4215,4178,4174,4210,4162,4143,3900,3866,3988,3889,3865,3810,3839,3827,3727,3659,3532,3407,3199,3106,2991,9948.0,10083,10017,10084,10145,10109,10085,10176,10211,10266,10244,9451,9239,9017,8836,8631,8460,7805,8107,7994,7696,7490,7177,alpes de hte-provence,4.579999998211861,4.579999998211861,5.27,5.27,5.529999986290932,5.529999986290932,5.529999986290932,5.529999999999973,5.53,5.53,12.0,12.0,13.8,13.8,14.48999997973442,14.48999997973442,14.48999997973442,14.489999999999782,14.49,14.49,18.96,18.96,18.96,18.96,18.96,18.96,39.049999952316284,39.049999952316284,44.91,44.91,47.1599999666214,47.1599999666214,47.1599999666214,47.159999999999854,47.16,47.16,8.949999988079071,8.949999988079071,10.29,10.29,10.799999982118607,10.799999982118607,10.799999982118607,10.799999999999727,10.8
4,05,93,2452.0,2573,2597,2565,2557,2539,2541,2571,2351,2280,2259,2207,2285,2357,2405,2416,2315,2228,2231,2131,2081,2033,1928,8995.0,9046,9069,9030,9065,9150,9189,9178,9190,9194,9107,8307,8211,8077,7954,7847,7755,7034,7497,7378,7210,7022,6904,hautes alpes,4.049999997019768,4.25,4.65,4.65,4.649999991059303,4.649999991059303,4.649999991059303,4.649999999999864,6.05,6.05,10.919999986886978,11.469999998807907,12.56,12.56,12.559999972581863,12.559999972581863,12.559999972581863,12.559999999999945,16.33,16.33,20.91,20.91,20.91,20.91,20.91,20.91,55.86999988555908,58.6599999666214,64.23,64.23,64.22999978065491,64.22999978065491,64.22999978065491,64.22999999999956,83.5,83.5,7.129999995231628,7.489999994635582,8.2,8.2,8.199999988079071,8.199999988079071,8.199999988079071,8.199999999999818,10.66
5,06,93,26395.0,26679,27098,27211,27868,28226,28938,29234,27733,28418,29232,29445,30306,31263,31732,32351,32107,31404,30680,31028,30749,30383,28926,65870.0,66175,65672,64807,64664,64742,64851,64547,64789,64935,64924,61797,61069,60336,59126,57875,57148,50759,55266,54994,54352,53735,52647,alpes maritimes,6.299999997019768,6.299999997019768,6.3,6.3,6.299999997019768,6.299999997019768,6.299999997019768,6.2999999999999545,7.24,7.24,7.549999997019768,7.549999997019768,7.55,7.55,7.549999997019768,7.549999997019768,7.549999997019768,7.5499999999999545,8.68,8.68,12.42,12.42,12.42,12.42,12.42,12.42,5.1099999994039536,5.1099999994039536,5.11,5.11,5.1099999994039536,5.1099999994039536,5.1099999994039536,5.1099999999999,5.87,5.87,6.899999991059303,6.899999991059303,6.9,6.9,6.899999991059303,6.899999991059303,6.899999991059303,6.899999999999864,7.93
6,07,82,6740.0,6730,6755,6774,6719,6711,6776,6630,6143,6002,6044,5966,5831,5953,5987,5888,5749,5542,5459,5256,5108,4891,4824,22379.0,22457,22467,22430,22233,22174,22113,21977,21671,21417,21227,20032,19527,19066,18800,18487,18245,17195,17822,17636,17380,17163,17097,ardeche,5.469999998807907,5.739999994635582,6.26,6.32,6.699999988079071,7.239999994635582,7.459999993443489,7.6099999999999,7.99,8.23,9.28999999165535,9.75,10.63,10.74,11.379999995231628,12.28999999165535,12.659999996423721,12.909999999999854,13.56,13.97,17.7,18.05,18.41,18.78,18.78,18.78,47.9799998998642,50.359999895095825,54.89,55.44,58.769999980926514,63.46999990940094,65.36999988555908,66.67999999999665,70.01,72.12,8.449999988079071,8.86999997496605,9.71,9.81,10.399999976158142,11.229999989271164,11.569999992847443,11.799999999999727,12.39
7,08,21,6360.0,6410,6663,6883,6934,6964,7163,7165,6818,6691,6874,6771,6786,6745,6716,6559,6315,5989,5805,5637,5417,5142,4971,19091.0,19343,19544,19622,19725,19965,20138,20300,20521,20684,20939,19868,19912,19978,20168,20323,20519,19775,20449,20481,20452,20382,20531,ardennes,7.11999998986721,7.679999992251396,7.68,7.68,8.059999972581863,8.419999986886978,8.659999996423721,9.08999999999969,9.45,9.9,11.139999985694885,12.019999980926514,12.02,12.02,12.61999997496605,13.189999997615814,13.559999972581863,14.239999999999782,14.81,15.52,21.25,21.25,21.25,21.25,21.25,21.25,16.5799999833107,17.889999985694885,17.89,17.89,18.77999997138977,19.619999945163727,20.169999957084656,21.17999999999938,22.03,23.09,6.479999989271164,6.989999994635582,6.99,6.99,7.3399999886751175,7.669999986886978,7.879999995231628,8.269999999999982,8.6
8,09,73,4341.0,4425,4446,4342,4305,4325,4438,4374,4047,3905,3901,3859,3808,3810,3734,3735,3658,3549,3370,3232,3148,3083,2954,9154.0,9234,9223,9170,9167,9148,9022,8961,8856,8748,8607,7914,7692,7496,7332,7230,7222,6824,7012,6955,6871,6756,6714,ariege,5.709999993443489,5.909999996423721,6.39,6.61,6.939999997615814,7.149999991059303,7.28999999165535,7.3599999999999,7.51,7.74,10.729999989271164,11.109999984502792,12.02,12.43,13.049999982118607,13.439999997615814,13.709999978542328,13.849999999999909,14.12,14.54,21.15,21.15,21.15,21.15,21.15,21.15,51.25,53.03999996185303,57.35,59.3,62.269999980926514,64.1399998664856,65.41999983787537,66.06999999999971,67.4,69.42,11.939999997615814,12.359999984502792,12.85,13.07,13.729999989271164,14.139999985694885,14.419999986886978,14.559999999999945,14.86
9,10,21,5546.0,5585,5696,5598,5505,5403,5465,5488,4922,4705,4592,4379,4385,4318,4185,4177,4142,3946,3707,3629,3450,3073,2886,20836.0,20813,20673,20397,20263,20193,20008,19948,19891,19930,20055,18561,18360,18238,18290,18338,18506,17599,18387,18367,18203,18216,18047,aube,8.309999972581863,8.889999985694885,9.07,9.07,9.069999992847443,9.069999992847443,9.069999992847443,9.069999999999709,9.25,9.71,11.919999986886978,12.75,13.01,13.01,13.009999990463257,13.009999990463257,13.009999990463257,13.009999999999764,13.27,13.93,19.42,19.42,19.42,19.42,19.42,19.42,14.61999997496605,15.129999995231628,15.43,15.43,15.429999977350235,15.429999977350235,15.429999977350235,15.429999999999836,15.74,16.53,6.529999986290932,6.759999990463257,7,7,7,7,7.389999985694885,7.389999999999873,7.54
10,11,91,11517.0,11550,11559,11382,11265,11253,11226,10787,9861,9505,9392,9018,8846,8681,8365,8088,7784,7374,7078,6782,6845,6531,6234,22931.0,22816,22758,22613,22382,22073,21774,21538,21094,20907,20561,18941,18423,17957,17419,16974,16695,15132,15863,15399,15322,14944,14554,aude,7.379999995231628,7.379999995231628,8.24,8.64,9.069999992847443,9.429999977350235,9.429999977350235,9.429999999999836,10.01,10.2,16.539999961853027,16.539999961853027,18.48,19.39,20.35999995470047,21.169999957084656,21.169999957084656,21.169999999999163,22.47,22.9,30.69,30.69,30.69,30.69,30.69,30.69,42.93999993801117,42.93999993801117,47.96,50.31,52.829999923706055,54.92999994754791,54.92999994754791,54.92999999999847,58.31,59.42,11.479999989271164,11.479999989271164,12.82,13.45,14.11999997496605,14.679999977350235,14.679999977350235,14.679999999999836,15.58
11,12,73,4579.0,4554,4593,4573,4533,4639,4742,4680,4289,4231,4239,4135,4155,4140,4159,4252,4224,4095,3981,3889,3794,3676,3598,15861.0,15868,15815,15633,15567,15584,15508,15460,15507,15378,15212,14247,13925,13798,13615,13445,13308,12475,13164,13061,12970,12875,12724,aveyron,5.459999993443489,5.709999993443489,6.11,6.11,6.259999990463257,6.469999998807907,6.469999998807907,6.4699999999998,6.76,6.76,9.889999985694885,10.339999973773956,11.06,11.06,11.339999973773956,11.719999998807907,11.719999998807907,11.7199999999998,12.25,12.25,18.75,19.41,19.41,19.41,19.41,19.41,46.329999923706055,48.4099999666214,51.76,51.76,53.049999952316284,54.829999923706055,54.829999923706055,54.82999999999993,57.3,57.3,10.819999992847443,11.309999972581863,12.09,12.09,12.389999985694885,12.809999972581863,12.809999972581863,12.809999999999945,13.39
12,13,93,52858.0,51525,51755,51690,52633,53814,54789,54680,52224,52637,52965,53317,53406,54032,55114,54063,52248,51888,51200,50911,50176,48602,47143,146036.0,144468,143122,141259,140519,139673,138798,138027,138145,137854,137719,129684,128243,126830,124918,122442,120640,109994,116508,115099,114050,112504,111240,bouches du rhone,7.709999993443489,7.709999993443489,7.71,8.7,9.11999997496605,9.189999997615814,9.189999997615814,9.1899999999996,9.19,9.19,6.03999999165535,6.03999999165535,6.04,7.15,8.509999990463257,10.849999994039536,10.849999994039536,10.849999999999909,10.85,10.85,15.05,15.05,15.05,15.05,15.05,15.05,9.799999982118607,9.799999982118607,9.8,9.8,9.799999982118607,9.799999982118607,9.799999982118607,9.799999999999727,9.8,9.8,5.489999994635582,5.489999994635582,5.49,6.54,7.009999990463257,7.079999998211861,7.079999998211861,7.079999999999927,7.08
13,14,25,9749.0,9991,10120,10047,10186,10356,10899,10965,10411,10272,10618,10667,10813,11146,11411,11676,11566,11321,11161,10743,10566,10065,9779,49367.0,49459,49547,49423,49403,49193,49223,49210,49259,49361,49415,46390,45829,45752,45685,45789,45927,43184,45490,45513,45200,44971,44959,calvados,5.239999994635582,5.239999994635582,5.24,5.37,5.769999995827675,5.889999985694885,6.03999999165535,6.189999999999827,6.34,6.34,11.589999973773956,11.589999973773956,11.59,11.88,12.769999980926514,13.02999997138977,13.359999984502792,13.6899999999996,14.03,14.03,21.45,21.45,22.1,22.1,22.1,22.1,21.8299999833107,21.8299999833107,21.83,22.38,24.05999994277954,24.539999961853027,25.149999976158142,25.779999999999745,26.42,26.42,5.909999996423721,5.909999996423721,5.91,6.06,6.509999990463257,6.639999985694885,6.809999987483025,6.979999999999791,7.57
14,15,83,1859.0,1885,1895,1907,1931,1999,2076,2079,1954,2005,2114,2104,2167,2319,2343,2477,2469,2487,2491,2469,2465,2499,2544,7575.0,7581,7624,7605,7596,7610,7610,7496,7481,7494,7427,6927,6817,6789,6828,6836,6917,6525,6936,6992,7000,7010,7061,cantal,7.959999993443489,7.959999993443489,8.64,8.64,8.639999985694885,9.139999985694885,9.36999997496605,9.36999999999989,9.93,10.33,12.799999982118607,12.799999982118607,13.89,13.89,13.889999985694885,14.699999988079071,15.069999992847443,15.069999999999709,15.97,16.61,23.56,23.56,23.56,23.56,23.56,23.56,56.87999999523163,56.87999999523163,61.73,61.73,61.7299998998642,65.30999994277954,66.93999981880188,66.93999999999869,70.96,73.81,11.129999995231628,11.129999995231628,12.08,12.08,12.0799999833107,12.77999997138977,13.099999994039536,13.099999999999909,13.89
15,16,54,7474.0,7461,7399,7396,7409,7339,7351,7186,6670,6603,6692,6706,6783,6958,7007,6624,6499,6499,6128,6064,5919,5656,5230,21362.0,21533,21592,21414,21361,21398,21360,21310,21261,21193,21141,19772,19600,19500,19621,19491,19550,18516,19325,19350,19233,19158,19097,charente,5.529999986290932,5.809999987483025,6.62,6.62,7.549999997019768,7.549999997019768,7.549999997019768,7.5499999999999545,7.55,8.15,11.78999999165535,12.379999995231628,14.11,14.11,16.089999973773956,16.089999973773956,16.089999973773956,16.089999999999236,16.09,17.38,22.89,22.89,22.89,22.89,22.89,22.89,24.27999997138977,25.4899999499321,29.06,29.06,33.12999999523163,33.12999999523163,33.12999999523163,33.1299999999992,33.13,35.78,7.75,8.139999985694885,9.28,9.28,10.759999990463257,10.759999990463257,10.759999990463257,10.759999999999764,10.76
16,17,54,13886.0,13998,14195,14010,14173,14307,14543,14268,13222,13099,13103,12982,12820,13162,13362,13513,13096,12751,12278,11921,11739,11133,10545,39275.0,39291,39116,38550,38152,38018,37747,37365,37212,36788,36464,33466,32753,32274,32060,31665,31361,29308,30565,30320,29991,29770,29592,charente maritime,5.319999992847443,5.689999997615814,6.15,6.15,6.149999991059303,6.399999991059303,6.399999991059303,6.399999999999864,6.75,7.12,10.479999989271164,11.209999978542328,12.11,12.11,12.109999984502792,12.589999973773956,12.589999973773956,12.58999999999969,13.28,14.01,19.38,19.33,19.91,21.5,21.5,21.5,21.799999952316284,23.3299999833107,25.2,25.2,25.19999998807907,26.209999978542328,26.209999978542328,26.209999999999127,27.65,29.17,6.979999989271164,7.469999998807907,8.07,8.07,8.069999992847443,8.389999985694885,8.389999985694885,8.389999999999873,8.85
17,18,24,5588.0,5544,5466,5498,5460,5282,5317,5246,4894,4960,5057,4950,4962,5013,4961,4954,4780,4538,4391,4180,4098,3913,3636,19568.0,19663,19529,19351,19472,19618,19590,19713,19734,19755,19948,18425,18246,18150,18258,18280,18267,17205,17944,17824,17675,17643,17649,cher,6.179999992251396,6.179999992251396,6.74,6.74,7.179999992251396,7.8599999994039536,7.8599999994039536,7.8599999999999,8.88,8.88,7.809999987483025,7.809999987483025,8.51,8.51,9.059999972581863,9.919999986886978,9.919999986886978,9.919999999999618,11.51,11.51,16.69,16.69,17.69,18.22,18.22,18.22,15.86999997496605,15.86999997496605,17.3,17.3,18.419999957084656,20.1599999666214,20.1599999666214,20.159999999999854,22.78,22.78,6.319999992847443,6.319999992847443,6.89,6.89,7.559999987483025,8.61999997496605,8.61999997496605,8.61999999999989,10.3
18,19,74,4114.0,4125,4126,4134,4167,4183,4251,4327,4054,3879,3993,3996,4078,4173,4257,4323,4071,4172,4025,4078,4048,4026,3969,13936.0,13851,13737,13571,13457,13382,13256,13224,13173,13020,12847,11730,11439,11284,11137,11119,11112,10416,10999,11009,11040,11041,11078,correze,5.25,5.379999995231628,5.54,5.68,5.8499999940395355,6.019999995827675,6.199999988079071,6.389999999999873,6.39,6.39,10.729999989271164,11.0,11.33,11.61,11.959999978542328,12.319999992847443,12.689999997615814,13.069999999999709,13.07,13.07,19.09,19.09,20.33,21.35,21.35,21.35,42.43999993801117,43.5,44.8,45.92,47.299999952316284,48.669999957084656,50.12999999523163,51.6299999999992,51.63,51.63,10.78999999165535,11.059999972581863,11.39,11.67,12.019999980926514,12.379999995231628,12.75,13.129999999999654,13.13
19,21,26,7002.0,6983,7068,7179,7280,7310,7627,7870,7414,7378,7604,7500,7583,7743,7778,7866,7638,7676,7526,7226,6732,6676,6534,34867.0,34591,34464,34242,34128,34057,34158,34309,34402,34558,34837,31988,31545,31299,31348,31308,31318,29275,31074,31012,30700,30478,30126,cote d'or,5.8399999886751175,6.309999987483025,6.5,6.6,6.739999994635582,6.939999997615814,7.03999999165535,7.149999999999864,7.28,7.49,9.569999992847443,10.339999973773956,10.65,10.81,11.03999999165535,11.359999984502792,11.52999997138977,11.699999999999818,11.91,12.26,17.71,18.22,18.75,21.0,21.0,21.0,20.7399999499321,22.419999957084656,23.09,23.44,23.939999997615814,24.62999999523163,25.0,25.36999999999989,25.82,26.57,5.6099999994039536,6.059999987483025,6.24,6.33,6.459999993443489,6.649999991059303,6.75,6.849999999999909,6.97
20,22,53,10273.0,10489,10507,10405,10432,10307,10456,10305,9374,9041,9177,8965,8878,8949,8990,8895,8829,8556,8354,8216,8304,7998,7900,40423.0,40279,40168,39749,39464,39195,38918,38615,38306,37809,37347,34797,33960,33585,33328,33066,32854,30595,32534,32851,32674,32657,32598,cotes d'armor,8.419999986886978,8.669999986886978,9.1,9.28,9.73999997973442,10.02999997138977,10.229999989271164,10.429999999999836,11.37,11.6,9.78999999165535,10.0799999833107,10.58,10.79,11.3299999833107,11.669999986886978,11.899999976158142,12.139999999999873,13.23,13.49,18.31,18.68,19.15,19.53,19.53,19.53,32.359999895095825,33.329999923706055,35.0,35.7,37.489999890327454,38.609999895095825,39.37999999523163,40.159999999999854,43.78,44.66,8.069999992847443,8.309999972581863,8.73,8.9,9.349999994039536,9.629999995231628,9.819999992847443,10.02,11.33
21,23,74,1851.0,1912,1907,1877,1873,1864,1836,1860,1775,1722,1798,1829,1838,1905,1828,1814,1758,1669,1648,1563,1477,1415,1401,5738.0,5763,5768,5782,5830,5864,5868,5886,5956,5924,5916,5511,5399,5309,5282,5230,5197,4879,5175,5142,5093,5052,5041,creuse,6.759999990463257,6.899999991059303,8.07,8.21,8.359999984502792,8.949999988079071,9.8299999833107,9.979999999999563,10.18,10.28,8.3299999833107,8.5,9.94,10.11,10.28999999165535,11.009999990463257,12.089999973773956,12.27,12.52,12.65,18.39,18.72,18.91,19.1,19.39,19.39,31.439999997615814,32.0699999332428,37.49,38.13,38.8199999332428,41.53999996185303,45.609999895095825,46.289999999999054,47.22,47.69,9.359999984502792,9.549999982118607,11.16,11.35,11.549999982118607,12.359999984502792,13.569999992847443,13.77,14.05
22,24,72,9009.0,9151,8931,8786,8744,8614,8634,8484,7888,7608,7727,7589,7664,7893,8040,8053,7972,7802,7483,7280,7100,6818,6611,22571.0,22699,22619,22464,22381,22423,22286,22214,22020,21818,21783,20314,19900,19646,19450,19149,19086,18107,18686,18625,18399,18295,18177,dordogne,5.299999997019768,5.459999993443489,5.9,5.96,6.049999997019768,6.28999999165535,6.419999986886978,6.419999999999845,6.68,6.81,13.75,14.159999996423721,15.57,15.73,15.969999998807907,16.60999995470047,16.939999997615814,16.9399999999996,17.62,17.97,23.45,23.45,23.45,23.45,23.45,23.45,48.829999923706055,50.299999952316284,54.32,54.86,55.67999994754791,57.9099999666214,59.0699999332428,59.06999999999971,61.43,62.64,8.209999978542328,8.459999978542328,9.3,9.39,9.52999997138977,9.909999996423721,10.109999984502792,10.109999999999673,10.52
23,25,43,8064.0,8032,8054,8316,8540,8477,8740,8689,7928,7535,7431,7100,7048,7152,7203,7257,7141,6803,6611,6582,6571,6410,6288,37245.0,37227,37121,36719,36723,36773,36408,36204,36075,36012,36042,33360,33017,32939,31784,31803,32096,30525,32125,32006,31903,31801,31673,doubs,6.299999997019768,6.53999999165535,7.0,7.0,7.0,7.279999986290932,7.669999986886978,7.789999999999964,8.29,8.58,8.73999997973442,9.069999992847443,9.7,9.7,9.699999988079071,10.089999973773956,10.629999995231628,10.79,11.49,11.89,17.47,17.73,18.08,18.08,18.08,18.08,14.689999997615814,15.25,16.31,16.31,16.30999994277954,16.959999978542328,17.87999999523163,18.149999999999636,19.32,20.0,6.739999994635582,7,7.49,7.49,7.489999994635582,7.78999999165535,8.209999978542328,8.329999999999927,8.87
24,26,82,11145.0,11188,11253,10919,10948,10866,10965,11023,10288,10215,10093,9871,9773,9828,9800,9846,9693,9457,9290,9175,9159,8672,8521,37596.0,37523,37174,36491,36093,35734,35442,35469,35266,34949,34546,32503,31842,31357,30898,30501,30332,28476,29559,29254,28753,28254,27911,drome,6.129999995231628,6.5,6.73,6.73,7.129999995231628,7.3499999940395355,7.509999990463257,7.649999999999864,7.65,7.8,9.0799999833107,9.61999997496605,9.97,9.97,10.569999992847443,10.899999976158142,11.139999985694885,11.349999999999909,11.35,11.57,15.23,15.23,15.51,15.51,15.51,15.51,33.299999952316284,35.299999952316284,36.57,36.57,38.75,39.96999990940094,40.86999988555908,41.6299999999992,41.63,42.44,8.259999990463257,8.759999990463257,9.08,9.08,9.61999997496605,9.919999986886978,10.139999985694885,10.329999999999927,10.33
25,27,23,8973.0,9156,9313,9204,9086,9086,9354,9114,8444,8346,8678,8516,8480,8596,8696,8741,8609,8532,8170,7737,7285,6840,6708,48095.0,47944,47883,47582,47068,46820,46454,45909,45646,45429,45219,42454,41924,41408,41384,41362,41594,39108,40968,40792,40487,40414,40220,eure,5.649999991059303,5.649999991059303,5.88,5.88,6.319999992847443,6.319999992847443,6.319999992847443,6.319999999999936,6.48,6.48,12.209999978542328,12.209999978542328,12.7,12.7,13.339999973773956,13.339999973773956,13.339999973773956,13.33999999999969,13.67,13.67,20.24,20.24,20.24,20.24,20.24,20.24,31.259999990463257,31.259999990463257,32.51,32.51,34.139999985694885,34.139999985694885,34.139999985694885,34.13999999999942,34.99,34.99,5.969999998807907,5.969999998807907,6.33,6.33,6.929999992251396,6.929999992251396,6.929999992251396,6.929999999999836,7.1
26,28,24,6751.0,6772,6670,6441,6410,6429,6489,6463,6003,5852,5951,5795,5651,5779,5681,5685,5643,5526,5316,5183,4912,5254,5364,34033.0,33919,33806,33535,33545,33415,33118,32931,32929,32741,32675,30771,30344,30182,30117,30195,30279,28488,29911,30028,29910,29738,29608,eure et loir,7.009999990463257,7.5,7.84,7.84,7.8399999886751175,8.129999995231628,8.129999995231628,8.129999999999654,8.51,8.51,12.139999985694885,12.98999997973442,13.57,13.57,13.569999992847443,14.069999992847443,14.069999992847443,14.069999999999709,14.73,14.73,20.22,20.22,20.22,20.22,20.22,20.22,18.439999997615814,19.72999995946884,20.62,20.62,20.619999945163727,21.37999999523163,21.37999999523163,21.3799999999992,22.38,22.38,6.5,6.949999988079071,7.26,7.26,7.259999990463257,7.529999986290932,7.529999986290932,7.529999999999973,7.88
27,29,53,13340.0,13364,13283,13360,13248,13677,13973,13872,12680,12542,12716,12543,12586,12751,13008,13179,13068,12705,12458,12450,12250,11332,11005,63455.0,63129,63071,62762,62569,62398,62321,62121,61898,61509,61040,54454,53373,52836,52519,52078,51992,48361,51090,51056,50523,50150,49991,finistere,6.679999992251396,6.809999987483025,7.2,7.31,7.929999992251396,8.25,8.399999976158142,8.549999999999727,8.81,9.16,7.25,7.399999991059303,7.83,7.95,8.629999995231628,8.979999989271164,9.139999985694885,9.299999999999727,9.58,10.15,14.75,14.97,14.97,14.97,14.97,14.97,17.269999980926514,17.619999945163727,18.64,18.92,20.52999997138977,21.349999964237213,21.72999995946884,22.11999999999989,22.78,23.69,6.459999993443489,6.579999998211861,6.96,7.06,7.659999996423721,7.969999998807907,8.109999984502792,8.259999999999764,8.51
28,2A,94,3119.0,3168,3171,3150,3142,3328,3324,3385,3202,3171,3332,3330,3566,3729,3880,3984,4142,4273,4280,4205,4043,3928,3681,7617.0,7579,7520,7464,7410,7520,7543,7557,7638,7611,7640,6975,6880,6945,6881,6752,6730,6252,6640,6630,6495,6469,6342,corse du sud,9.73999997973442,9.73999997973442,9.74,9.74,10.469999998807907,10.469999998807907,10.469999998807907,10.4699999999998,10.47,10.47,6.319999992847443,6.319999992847443,6.32,6.32,6.78999999165535,6.78999999165535,6.78999999165535,6.789999999999964,6.79,6.79,8.79,8.79,13.79,13.79,13.79,13.79,27.10999995470047,27.10999995470047,27.11,27.11,27.10999995470047,27.10999995470047,27.10999995470047,27.109999999999673,27.11,27.11,-,-,-,-,-,-,-,-,-
29,2B,94,4295.0,4298,4338,4210,4211,4246,4341,4292,4186,4156,4179,4142,4017,4079,4139,4203,4164,4209,4275,4179,3892,3799,3633,8338.0,8389,8422,8283,8178,8162,8054,8072,8014,7995,7942,7187,7043,6886,6844,6862,6833,6318,6766,6762,6627,6590,6494,haute corse,8.569999992847443,8.569999992847443,9.07,9.07,9.069999992847443,9.949999988079071,9.949999988079071,9.949999999999818,9.95,9.95,7.53999999165535,7.53999999165535,9.54,9.54,9.53999999165535,11.099999994039536,11.099999994039536,11.099999999999909,11.1,11.1,13.43,13.43,13.43,13.43,13.43,13.43,29.189999997615814,29.189999997615814,29.19,29.19,29.189999997615814,29.189999997615814,29.189999997615814,29.1899999999996,29.19,29.19,-,-,-,-,-,-,-,-,-
30,30,91,22493.0,22762,22721,22201,22171,22191,22168,21465,20271,19555,19380,18486,18342,18507,18416,18226,17579,16898,16424,16177,16012,15276,14905,51321.0,51269,50889,50227,49935,49555,49358,48643,48317,47654,47352,44151,43395,42634,41861,41014,40429,37120,38586,37448,36829,36196,35348,gard,8.889999985694885,8.889999985694885,8.89,8.89,9.159999996423721,9.319999992847443,9.319999992847443,9.319999999999709,9.65,9.65,13.179999977350235,13.179999977350235,13.18,13.18,13.5799999833107,13.819999992847443,13.819999992847443,13.819999999999709,14.3,14.3,21.25,21.82,22.41,22.41,22.41,22.41,40.61999988555908,40.61999988555908,40.62,40.62,41.83999991416931,42.579999923706055,42.579999923706055,42.57999999999993,44.07,44.07,10.939999997615814,10.939999997615814,10.94,10.94,11.269999980926514,11.469999998807907,11.469999998807907,11.4699999999998,11.87
31,31,73,23305.0,23261,22880,22642,22812,22968,23467,22999,21537,21304,21810,21055,21206,21291,21601,21487,20703,20657,19826,19796,19257,18152,17645,93965.0,92529,90769,88833,87471,85840,85076,83918,82856,81795,80463,73298,71674,70027,68808,66706,64949,57922,61450,60105,58726,57182,56177,haute garonne,7.399999991059303,7.399999991059303,7.7,7.88,8.109999984502792,8.389999985694885,8.469999998807907,8.629999999999654,9.05,9.39,10.759999990463257,10.759999990463257,11.19,11.45,11.78999999165535,12.199999988079071,12.319999992847443,12.549999999999727,13.16,13.66,20.32,20.89,21.47,21.9,21.9,21.9,49.45999991893768,49.45999991893768,51.44,52.62,54.169999957084656,56.0699999332428,56.62999999523163,57.70999999999913,60.54,62.84,9.969999998807907,9.969999998807907,10.37,10.61,10.919999986886978,11.299999982118607,11.409999996423721,11.629999999999654,12.2
32,32,73,3428.0,3551,3524,3448,3442,3433,3476,3397,3065,3016,3010,2907,2958,2991,2964,2969,2915,2795,2677,2663,2690,2626,2539,10884.0,10957,10964,10811,10701,10696,10628,10477,10331,10141,10004,9047,8732,8513,8340,8077,7973,7343,7660,7499,7396,7256,7039,gers,8.219999998807907,8.459999978542328,10.07,10.25,10.559999972581863,10.959999978542328,11.159999996423721,11.36999999999989,11.88,12.24,16.099999964237213,16.5799999833107,19.73,20.1,20.709999978542328,21.5,21.889999985694885,22.30999999999949,23.31,24.01,31.59,32.22,32.86,32.86,32.86,32.86,62.419999957084656,64.26999998092651,76.48,77.89,80.26999998092651,83.30999994277954,84.80999994277954,86.41999999999825,90.3,93.01,10.389999985694885,10.699999988079071,13.37,13.62,14.03999999165535,14.569999992847443,14.8299999833107,15.109999999999673,15.79
33,33,72,26769.0,26786,26909,26754,27012,27078,27329,26991,25118,24798,25159,24708,24441,24734,24778,24718,23844,23773,23096,23142,23424,22319,21776,105225.0,103651,101734,99781,98361,96708,94822,93703,92399,91647,90356,82331,80756,79623,78138,76624,75729,69241,73335,72738,72261,71257,71143,gironde,5.979999989271164,6.219999998807907,6.43,6.49,6.579999998211861,6.8599999994039536,6.959999993443489,6.959999999999809,7.03,7.24,7.659999996423721,7.969999998807907,8.25,8.33,8.439999997615814,8.78999999165535,8.909999996423721,8.909999999999854,9.0,9.27,14.24,14.52,15.03,15.33,15.48,16.02,15.469999998807907,16.089999973773956,16.65,16.81,17.02999997138977,17.75,18.0,18.0,18.17,18.71,8.169999986886978,8.5,8.93,9.02,9.199999988079071,9.589999973773956,9.719999998807907,9.7199999999998,9.87
34,34,91,32446.0,32814,32491,31827,31684,31841,31940,31956,30178,29862,30009,29725,29503,29434,29366,28876,27935,27345,26495,25269,25343,24429,23383,74997.0,74097,73173,72036,71196,70165,69356,68746,68303,67585,67130,62705,61569,60493,59268,57530,56313,50471,53642,52535,51477,50193,49092,herault,8.0799999833107,8.0799999833107,8.24,8.24,8.48999997973442,8.799999982118607,8.929999977350235,9.199999999999818,9.66,9.93,11.469999998807907,11.469999998807907,11.69,11.69,12.03999999165535,12.469999998807907,12.659999996423721,13.04,13.69,14.07,21.15,21.15,21.15,21.15,21.15,21.15,35.33999991416931,35.33999991416931,36.03,36.03,37.109999895095825,38.449999928474426,39.02999997138977,40.19999999999891,42.21,43.39,11.269999980926514,11.269999980926514,11.49,11.49,11.8299999833107,12.259999990463257,12.439999997615814,12.809999999999945,13.45
35,35,53,13243.0,13025,12944,12721,12542,12422,12602,12163,10882,10295,10565,10293,10205,10277,10613,10747,10629,10730,10622,10760,10871,10581,10799,81877.0,81055,79750,78754,77628,76366,75258,74157,73133,71983,71118,65178,63491,62277,61486,60541,59817,55118,58212,57738,57225,56684,56539,ille et vilaine,5.8599999994039536,6.379999995231628,7.01,7.19,7.189999997615814,8.25,8.25,8.25,8.99,9.8,6.149999991059303,6.699999988079071,7.36,7.54,7.53999999165535,9.269999980926514,9.269999980926514,9.269999999999982,10.47,11.41,16.09,16.09,16.49,16.9,16.9,16.9,13.159999996423721,13.73999997973442,15.09,15.47,15.469999998807907,17.7399999499321,17.7399999499321,17.73999999999978,19.33,21.07,5.8599999994039536,6.11999998986721,7.02,7.2,7.199999988079071,8.599999994039536,8.599999994039536,8.599999999999909,9.71
36,36,24,3570.0,3576,3674,3540,3633,3560,3576,3625,3320,3246,3370,3378,3385,3509,3511,3410,3326,3230,3030,3022,2860,2649,2561,13174.0,13314,13364,13410,13582,13597,13732,13797,13827,13798,13784,12821,12630,12639,12565,12454,12476,11792,12272,12197,12168,12130,12127,indre,6.319999992847443,6.509999990463257,6.82,6.82,6.819999992847443,6.819999992847443,6.819999992847443,6.819999999999936,6.82,6.82,10.199999988079071,10.509999990463257,11.02,11.02,11.019999980926514,11.019999980926514,11.019999980926514,11.02,11.02,11.02,16.21,16.21,16.21,16.21,16.21,16.21,23.179999947547913,23.87999999523163,25.03,25.03,25.02999997138977,25.02999997138977,25.02999997138977,25.029999999999745,25.03,25.03,7.939999997615814,8.179999977350235,8.57,8.57,8.569999992847443,8.569999992847443,8.569999992847443,8.569999999999709,8.57
37,37,24,7178.0,7316,7229,7222,7313,7286,7555,7479,6883,6908,6990,7073,7117,7349,7445,7371,7169,7085,6763,6621,6601,6262,6014,42473.0,41779,41239,40594,40289,40062,39911,39781,39750,39902,39754,36835,36303,35757,35485,35100,34743,32303,34117,34072,33705,33318,32884,indre et loire,6.079999998211861,6.319999992847443,6.32,6.32,6.319999992847443,6.889999985694885,6.889999985694885,6.889999999999873,7.72,8.02,7.61999998986721,7.919999986886978,7.92,7.92,7.919999986886978,8.629999995231628,8.629999995231628,8.629999999999654,9.67,10.04,15.15,15.53,15.8,16.04,16.24,16.48,17.80999994277954,18.519999980926514,18.52,18.52,18.519999980926514,20.189999997615814,20.189999997615814,20.1899999999996,22.62,23.49,5.379999995231628,5.5999999940395355,5.6,5.6,5.5999999940395355,6.0999999940395355,6.0999999940395355,6.099999999999909,6.83
38,38,82,16997.0,17161,16810,16465,16602,16505,16859,16846,15408,15040,15284,15086,14937,15384,15770,16220,16307,16056,16071,16251,16468,16491,15834,102530.0,102338,101419,99898,99166,98235,97400,96509,95692,94830,93973,88338,86572,85178,84379,83079,82571,76423,80276,79696,78404,77684,76831,isere,5.959999993443489,5.959999993443489,6.44,6.44,6.759999990463257,7.0999999940395355,7.0999999940395355,7.099999999999909,7.1,7.1,9.919999986886978,9.919999986886978,10.71,10.71,11.25,11.809999972581863,11.809999972581863,11.809999999999945,11.81,11.81,15.9,15.9,15.9,15.9,15.9,15.9,29.549999952316284,29.549999952316284,31.91,31.91,33.50999999046326,35.18999993801117,35.18999993801117,35.18999999999869,35.19,35.19,8.189999997615814,8.189999997615814,8.85,8.85,9.28999999165535,9.75,9.75,9.75,9.75
39,39,43,4034.0,4199,4267,4277,4360,4357,4550,4480,4172,4012,4084,3938,3723,3750,3695,3687,3646,3423,3350,3279,3322,3246,3211,17597.0,17807,17899,17885,18004,18234,18346,18382,18433,18429,18507,17349,17225,17098,17168,16930,16703,15768,16538,16412,16301,16086,16075,jura,7.169999986886978,7.989999994635582,8.22,8.46,8.709999978542328,9.139999985694885,9.299999982118607,9.409999999999854,9.52,9.76,13.219999998807907,14.709999978542328,15.14,15.58,16.02999997138977,16.819999992847443,17.119999945163727,17.329999999999927,17.54,17.98,23.88,23.88,24.36,24.36,24.36,24.36,24.599999964237213,27.37999999523163,28.17,28.98,29.819999992847443,31.289999961853027,31.849999964237213,32.22999999999956,32.62,33.44,6.159999996423721,6.8599999994039536,7.06,7.26,7.469999998807907,7.8399999886751175,7.979999989271164,8.079999999999927,8.18
40,40,72,7930.0,7914,7855,7688,7690,7642,7778,7503,6825,6763,6587,6365,6299,6392,6550,6541,6423,6212,6027,6004,5955,5537,5327,23882.0,23865,23679,23531,23275,22882,22644,22400,21978,21493,21130,18774,18083,17702,17450,17061,16650,15298,15842,15655,15402,15053,14948,landes,6.909999996423721,7.009999990463257,7.39,7.51,7.649999991059303,7.759999990463257,7.759999990463257,7.759999999999991,7.76,8.06,7.61999998986721,7.729999989271164,8.15,8.28,8.429999977350235,8.729999989271164,8.729999989271164,8.729999999999563,8.73,9.07,13.72,13.92,13.92,14.06,14.06,14.06,21.149999976158142,21.459999978542328,22.62,22.98,23.399999976158142,23.7399999499321,23.7399999499321,23.73999999999978,23.74,24.66,8.199999988079071,8.319999992847443,8.77,8.91,9.069999992847443,9.199999988079071,9.199999988079071,9.199999999999818,9.2
41,41,24,4836.0,4885,4839,4752,4658,4720,4813,4717,4215,4071,4055,3901,3780,3839,3851,3792,3720,3646,3455,3252,3326,3134,2934,23036.0,23046,22950,22720,22627,22608,22532,22417,22190,22020,21822,20601,20229,20070,20024,19927,19856,18679,19622,19474,19325,19081,19017,loir et cher,6.1099999994039536,6.5999999940395355,7.13,7.13,8.199999988079071,8.689999997615814,8.689999997615814,8.6899999999996,8.69,8.69,9.849999994039536,10.639999985694885,11.49,11.49,13.209999978542328,14.0,14.0,14.0,14.0,14.0,19.52,19.52,19.52,19.52,19.52,19.52,24.049999952316284,25.969999969005585,28.05,28.05,32.25999999046326,34.199999928474426,34.199999928474426,34.19999999999891,34.2,34.2,5.479999989271164,5.919999986886978,6.39,6.39,7.3499999940395355,7.78999999165535,7.78999999165535,7.789999999999964,7.79
42,42,82,15078.0,14957,14906,14900,14801,15096,15402,15542,14547,14499,14533,14438,14195,14574,14604,14643,14386,14251,13872,13946,13949,13789,13784,57446.0,57231,56734,56173,55915,55674,55350,55184,54939,54707,54634,52097,51427,51377,51485,51474,51961,49432,51981,52328,52306,52213,52292,loire,6.3499999940395355,6.639999985694885,6.94,6.94,7.3599999994039536,7.799999997019768,8.02999997138977,8.149999999999636,8.44,8.74,8.219999998807907,8.589999973773956,8.98,8.98,9.519999980926514,10.089999973773956,10.389999985694885,10.549999999999727,10.92,11.3,15.07,15.3,15.3,15.3,15.3,15.3,17.849999964237213,18.649999976158142,19.49,19.49,20.6599999666214,21.899999976158142,22.55999994277954,22.899999999999636,23.7,24.53,7.75,8.099999994039536,8.46,8.46,8.969999998807907,9.509999990463257,9.799999982118607,9.949999999999818,10.3
43,43,83,4414.0,4368,4350,4371,4351,4369,4480,4507,4152,4093,4137,4188,4213,4229,4320,4318,4083,3932,3882,3735,3708,3474,3390,15769.0,15842,15848,15807,15716,15602,15605,15565,15388,15200,15063,14101,13828,13655,13464,13373,13135,12415,12850,12627,12499,12325,12251,haute loire,5.409999996423721,5.409999996423721,5.9,6.07,6.36999998986721,6.6099999994039536,7.0,7.269999999999982,7.92,8.08,8.859999984502792,8.859999984502792,9.65,9.92,10.409999996423721,10.809999972581863,11.449999988079071,11.899999999999636,12.97,13.88,20.44,21.25,21.25,21.68,21.9,21.9,25.0,25.0,27.24,28.0,29.369999945163727,30.5,32.299999952316284,33.55999999999949,36.58,36.58,8.089999973773956,8.089999973773956,8.82,9.07,9.509999990463257,9.879999995231628,10.459999978542328,10.86999999999989,11.85
44,44,52,18483.0,18518,18480,18514,18552,18383,18769,18475,16970,16441,16547,16059,15954,16650,16914,17127,16950,16671,16029,16363,16518,16215,16067,110310.0,108686,106751,104629,103687,102490,101360,99988,98530,97403,96396,90230,88155,86907,85862,84436,83578,77357,81982,81652,81169,80937,80829,loire atlantique,5.879999995231628,6.169999986886978,6.34,6.5,6.959999993443489,6.959999993443489,6.959999993443489,6.959999999999809,6.96,6.96,5.639999985694885,5.919999986886978,6.09,6.24,6.679999992251396,6.679999992251396,6.679999992251396,6.679999999999836,8.53,8.53,12.77,15.0,15.0,15.0,15.0,15.0,15.27999997138977,16.039999961853027,16.49,16.9,16.899999976158142,16.899999976158142,16.899999976158142,16.899999999999636,16.9,16.9,7.049999997019768,7.399999991059303,7.61,7.8,8.5,8.5,8.5,8.5,8.5
45,45,24,10586.0,10631,10425,10217,10038,9910,9873,9627,8756,8424,8351,7994,7755,7728,7747,7708,7663,7463,7315,7211,7279,7121,6810,51523.0,51180,50619,49813,49379,49139,48761,48144,47975,47727,47444,43915,42995,42580,42324,42070,42055,39235,41431,40824,40757,40421,40179,loiret,4.769999995827675,5.009999990463257,5.26,5.26,5.5,5.829999998211861,5.829999998211861,5.829999999999927,5.83,5.83,7.509999990463257,7.889999985694885,8.28,8.28,8.649999976158142,9.169999986886978,9.169999986886978,9.169999999999618,9.17,9.17,14.52,14.52,15.54,17.06,17.06,17.06,19.0799999833107,20.02999997138977,21.03,21.03,21.97999995946884,23.299999952316284,23.299999952316284,23.299999999999272,23.3,23.3,4.809999987483025,5.049999997019768,5.3,5.3,5.53999999165535,5.86999998986721,5.86999998986721,5.869999999999891,5.87
46,46,73,3129.0,3198,3183,3184,3197,3162,3175,3179,2962,2906,2963,2915,2859,2879,2900,2915,2891,2825,2748,2680,2595,2525,2451,9321.0,9437,9419,9431,9525,9542,9602,9644,9567,9622,9574,8673,8480,8417,8283,8134,8041,7421,7749,7582,7454,7392,7342,lot,5.329999998211861,5.639999985694885,6.2,6.2,6.449999988079071,6.78999999165535,6.909999996423721,7.039999999999964,7.15,7.36,11.969999998807907,12.569999992847443,13.12,13.12,13.639999985694885,14.349999994039536,14.609999984502792,14.889999999999873,15.11,15.54,22.28,22.49,22.49,23.05,23.05,23.05,84.51999998092651,89.46999979019165,98.35,98.35,102.27999997138977,107.59999990463257,109.53999996185303,111.64999999999782,113.32,116.57,10.139999985694885,10.679999977350235,11.74,11.74,12.209999978542328,12.839999973773956,13.069999992847443,13.319999999999709,13.52
47,47,72,8621.0,8693,8696,8643,8423,8495,8473,8358,7902,7699,7806,7778,7730,7948,8102,8023,7771,7702,7483,7272,7080,6911,6781,19646.0,19751,19622,19337,19198,19072,18987,18803,18806,18582,18550,17271,16976,16909,16849,16587,16581,15587,16265,16241,16164,16105,15886,lot et garonne,5.879999995231628,7.549999997019768,7.55,7.55,7.549999997019768,7.769999995827675,7.769999995827675,7.769999999999982,8.92,8.92,11.379999995231628,14.609999984502792,14.61,14.61,14.609999984502792,15.02999997138977,15.02999997138977,15.029999999999745,17.25,17.25,22.63,22.63,22.63,22.63,22.63,22.63,42.53999996185303,54.61999988555908,54.62,54.62,54.61999988555908,56.18999993801117,56.18999993801117,56.18999999999869,64.51,64.51,7.649999991059303,9.819999992847443,9.82,9.82,9.819999992847443,10.099999994039536,10.099999994039536,10.099999999999909,11.59
48,48,91,1150.0,1148,1179,1168,1187,1145,1156,1146,1064,1041,1094,1081,1070,1112,1115,1155,1123,1148,1161,1100,1074,1042,1021,4456.0,4438,4429,4393,4375,4406,4442,4395,4352,4299,4274,3900,3783,3685,3645,3619,3603,3261,3546,3502,3472,3384,3365,lozere,4.079999998211861,4.269999995827675,4.48,4.6,4.649999991059303,4.989999994635582,4.989999994635582,4.989999999999782,4.99,5.24,9.849999994039536,10.309999972581863,10.83,11.13,11.25,12.0799999833107,12.0799999833107,12.079999999999927,12.08,12.68,19.36,19.36,19.36,19.36,19.94,19.94,97.36999988555908,101.86999988555908,106.96,109.89,111.08999991416931,119.28999996185303,119.28999996185303,119.28999999999724,119.29,125.25,7.759999990463257,8.11999997496605,8.53,8.76,8.859999984502792,9.509999990463257,9.509999990463257,9.509999999999764,9.51
49,49,52,10225.0,10209,10115,10304,10471,10303,10462,10331,9281,8980,9078,8814,8876,9119,9172,9137,9218,9100,9021,9095,9254,9159,9125,63044.0,62833,62007,61469,60845,60217,59539,58892,58380,57902,57369,54688,54028,53599,53538,53329,53561,50824,53241,53380,53363,53318,53317,maine et loire,6.079999998211861,6.079999998211861,6.08,6.08,6.5899999886751175,6.75,6.919999986886978,7.039999999999964,7.64,7.73,9.349999994039536,9.349999994039536,9.35,9.35,10.139999985694885,10.389999985694885,10.649999976158142,10.83999999999969,11.76,11.9,16.5,17.74,18.65,18.84,18.84,19.18,16.169999957084656,16.169999957084656,16.17,16.17,17.52999997138977,17.969999969005585,18.419999957084656,18.75,20.34,20.58,5.699999988079071,5.699999988079071,5.7,5.7,6.179999992251396,6.329999998211861,6.489999994635582,6.6099999999999,7.17
50,50,25,7533.0,7609,7806,7779,7876,7955,8096,8171,7664,7489,7674,7750,8003,8138,8049,8207,7998,7766,7450,7240,7127,6790,6551,33336.0,33209,33355,33308,33398,33494,33752,33833,34107,34095,34278,31797,31563,31556,31644,31849,31951,30451,31880,31897,31673,31491,31167,manche,6.739999994635582,6.739999994635582,6.98,6.98,7.5,7.949999988079071,8.069999992847443,8.229999999999563,8.35,8.35,10.659999996423721,10.659999996423721,11.04,11.04,11.86999997496605,12.5799999833107,12.769999980926514,13.029999999999745,14.07,14.07,21.42,21.42,21.42,21.42,21.42,21.42,25.049999952316284,25.049999952316284,25.95,25.95,27.899999976158142,29.569999992847443,30.009999990463257,30.609999999999673,31.07,31.07,6.299999997019768,6.299999997019768,6.53,6.53,7.019999995827675,7.439999997615814,7.549999997019768,7.699999999999818,7.82
51,51,21,6587.0,6636,6547,6549,6554,6519,6684,6642,6147,6043,6036,5863,5954,6049,6092,6234,6065,6003,5823,5487,5372,5123,5008,37731.0,37694,37316,37095,36947,36868,36829,36754,36793,36917,37213,34411,34372,34518,34800,34980,35244,33056,35052,35106,34740,34708,34705,marne,5.649999991059303,5.649999991059303,5.65,6.1,6.679999992251396,6.679999992251396,6.679999992251396,6.679999999999836,6.68,6.68,6.0,6.0,6.0,6.48,7.399999991059303,7.399999991059303,7.399999991059303,7.399999999999864,7.4,7.4,12.83,12.83,13.57,14.11,14.11,14.11,6.629999995231628,6.629999995231628,6.63,7.16,7.8399999886751175,7.8399999886751175,7.8399999886751175,7.839999999999918,7.84,7.84,3.719999998807907,3.719999998807907,3.72,4.02,4.5899999886751175,4.5899999886751175,4.5899999886751175,4.589999999999918,4.59
52,52,21,3080.0,3135,3208,3157,3202,3166,3297,3234,2987,2950,2904,2823,2852,2941,2817,2771,2696,2570,2339,2296,2261,2081,2007,11239.0,11328,11343,11376,11626,11782,11938,12114,12389,12631,12818,12089,12119,12209,12275,12407,12671,12187,12769,12822,12801,12751,12772,haute marne,7.219999998807907,7.649999991059303,8.01,8.01,8.319999992847443,8.699999988079071,8.699999988079071,8.699999999999818,8.7,9.29,13.73999997973442,14.559999972581863,15.24,15.24,15.8299999833107,16.55999994277954,16.55999994277954,16.55999999999949,16.56,18.05,23.94,23.94,23.94,23.94,23.94,23.94,18.469999969005585,19.569999992847443,20.49,20.49,21.27999997138977,22.259999990463257,22.259999990463257,22.25999999999931,22.26,23.77,6.5999999940395355,6.989999994635582,7.32,7.32,7.5999999940395355,7.949999988079071,7.949999988079071,7.949999999999818,7.95
53,53,52,4085.0,4192,4192,4161,4110,4200,4171,4134,3723,3542,3462,3327,3390,3438,3430,3504,3509,3468,3453,3412,3510,3500,3441,23058.0,23219,23175,22962,22802,22837,22733,22350,22141,22033,21869,20800,20468,20270,20067,19890,19796,18788,19706,19747,19614,19500,19513,mayenne,7.199999988079071,7.559999987483025,7.94,7.94,8.339999973773956,8.759999990463257,9.199999988079071,9.379999999999654,9.76,10.23,10.639999985694885,11.169999986886978,11.73,11.73,12.319999992847443,12.939999997615814,13.589999973773956,13.859999999999673,14.41,15.1,19.86,19.86,19.86,19.86,19.86,19.86,19.569999992847443,20.549999952316284,21.58,21.58,22.6599999666214,23.789999961853027,24.97999995946884,25.479999999999563,26.5,27.77,6.739999994635582,7.079999998211861,7.43,7.43,7.799999997019768,8.189999997615814,8.599999994039536,8.769999999999982,9.12
54,54,41,13099.0,13231,13379,13390,13469,13816,14387,14671,13649,13414,13869,13729,13578,13909,13996,13814,13699,13707,13322,13207,13114,12690,12247,46816.0,46590,46357,45805,45821,46250,46443,46463,47165,47501,47868,44818,44341,44545,44980,45189,45735,43461,46025,46330,46212,46087,46125,meurthe et moselle,6.819999992847443,6.819999992847443,7.06,7.06,7.939999997615814,8.569999992847443,8.8299999833107,8.979999999999563,9.23,9.23,7.549999997019768,7.549999997019768,7.81,7.81,8.78999999165535,9.48999997973442,9.769999980926514,9.9399999999996,10.22,10.22,14.43,15.67,17.24,17.24,17.24,17.24,13.339999973773956,13.339999973773956,13.81,13.81,15.53999999165535,16.77999997138977,17.27999997138977,17.56999999999971,18.06,18.06,7.299999997019768,7.299999997019768,7.56,7.56,8.509999990463257,9.189999997615814,9.469999998807907,9.629999999999654,9.9
55,55,41,4070.0,4238,4348,4526,4583,4587,4673,4592,4321,4241,4200,4173,4205,4243,4159,4086,3992,3783,3584,3342,3169,2946,2704,12021.0,12173,12295,12376,12406,12537,12677,12759,12924,12872,12960,12006,11861,11856,11878,11998,12082,11575,12123,12206,12257,12200,12274,meuse,7.939999997615814,8.469999998807907,8.98,8.98,9.379999995231628,9.659999996423721,9.949999988079071,10.25,10.62,10.75,14.78999999165535,15.77999997138977,16.73,16.73,17.47999995946884,18.0,18.539999961853027,19.099999999999454,19.79,20.03,24.92,25.29,25.72,25.72,25.72,25.72,24.62999999523163,26.27999997138977,27.86,27.86,29.10999995470047,29.97999995946884,30.87999999523163,31.80999999999949,32.96,33.36,6.169999986886978,6.779999986290932,7.19,7.37,7.86999998986721,8.109999984502792,8.349999994039536,8.599999999999909,8.91
56,56,53,11589.0,11595,11678,11529,11459,11375,11557,11263,10369,9837,9994,9708,9693,9805,9806,9936,9971,9887,9814,9636,9571,8965,8654,52489.0,52135,51759,51150,50657,50223,49853,49492,49159,48706,48356,44789,43861,43443,43055,42654,42555,39772,42222,41653,41518,41271,40975,morbihan,6.439999997615814,7.009999990463257,7.22,7.22,7.219999998807907,7.509999990463257,7.509999990463257,7.509999999999991,7.77,8.04,9.639999985694885,10.5,10.82,10.82,10.819999992847443,11.25,11.25,11.25,11.65,12.06,16.84,16.84,16.84,16.84,16.5,16.5,21.969999969005585,23.929999947547913,24.65,24.65,24.649999976158142,25.639999985694885,25.639999985694885,25.639999999999418,26.54,27.47,6.279999986290932,6.8399999886751175,7.05,7.05,7.049999997019768,7.329999998211861,7.329999998211861,7.329999999999927,7.59
57,57,41,19859.0,19942,20031,19883,20054,20393,20802,20769,19634,19535,18893,18690,18463,18681,19014,19047,18534,18467,17629,17480,17440,17398,17016,61475.0,61500,61540,60630,60938,61486,62102,62711,63708,64697,65683,61983,62320,62694,63329,63966,65027,62274,65804,66044,60059,59762,59343,moselle,5.53999999165535,5.53999999165535,5.81,5.81,6.0999999940395355,6.559999987483025,6.559999987483025,6.689999999999827,6.92,7.0,6.169999986886978,6.169999986886978,6.47,6.47,6.78999999165535,7.299999997019768,7.299999997019768,7.449999999999818,7.71,7.8,11.75,11.75,12.46,12.71,12.96,12.96,21.839999973773956,21.839999973773956,22.91,22.91,24.05999994277954,25.85999995470047,25.85999995470047,26.3799999999992,27.3,27.63,5.25,5.25,5.51,5.51,5.78999999165535,6.219999998807907,6.219999998807907,6.339999999999918,6.56
58,58,26,4001.0,4105,4070,4040,4005,4072,4126,4071,3919,3954,4030,3944,3961,3934,3888,3873,3835,3671,3472,3328,3303,3290,3127,11521.0,11572,11667,11639,11812,11900,12061,12192,12313,12379,12480,11827,11742,11715,11696,11730,11842,11254,11821,11809,11850,11907,11950,nievre,8.889999985694885,8.889999985694885,8.89,8.89,8.889999985694885,9.769999980926514,10.439999997615814,10.599999999999909,11.61,12.18,12.149999976158142,12.149999976158142,12.15,12.15,12.149999976158142,13.349999994039536,14.269999980926514,14.479999999999563,15.86,16.65,22.19,22.19,22.26,22.3,22.3,22.3,35.36999988555908,35.36999988555908,35.37,35.37,35.36999988555908,38.859999895095825,41.53999996185303,42.159999999999854,46.17,48.46,9.28999999165535,9.28999999165535,9.29,9.29,9.28999999165535,10.209999978542328,10.909999996423721,11.069999999999709,12.12
59,59,31,55295.0,59847,60441,60866,61428,61440,63249,64231,61251,60815,61501,60703,60476,61162,61306,61117,59671,57885,55227,53326,51781,48964,46237,205467.0,204958,203512,202607,201699,201244,200846,201096,201859,202960,204387,196140,195521,195655,196818,197955,199826,189597,199391,198695,198202,197363,196784,nord,7.279999986290932,7.279999986290932,7.79,7.79,8.099999994039536,8.53999999165535,9.0,9.489999999999782,10.67,10.67,7.309999987483025,7.309999987483025,7.82,7.82,8.129999995231628,8.569999992847443,9.02999997138977,9.519999999999982,11.3,11.3,17.06,17.06,17.06,17.06,17.06,17.06,21.97999995946884,21.97999995946884,23.5,23.5,24.439999997615814,25.759999990463257,27.149999976158142,28.609999999999673,32.16,32.16,6.229999989271164,6.229999989271164,6.88,6.88,7.36999998986721,7.969999998807907,8.609999984502792,9.309999999999945,11.05
60,60,22,12518.0,12752,12562,12615,12513,12345,12269,11968,11130,10791,10852,10522,10411,10493,10339,10295,10208,9991,9597,9172,8883,8330,7844,66187.0,65794,65009,64692,64458,64043,63733,63654,63750,63759,63784,60362,59899,59822,59923,59689,59728,55678,58917,58766,58614,58359,58198,oise,7.129999995231628,7.129999995231628,7.13,7.13,7.699999988079071,8.27999997138977,8.27999997138977,8.279999999999745,8.64,8.64,12.469999998807907,12.469999998807907,12.47,12.47,13.469999998807907,14.479999989271164,14.479999989271164,14.479999999999563,15.1,15.1,21.54,21.54,21.54,21.54,21.54,21.54,31.0,31.0,31.0,31.0,33.4799998998642,35.989999890327454,35.989999890327454,35.98999999999978,37.54,37.54,7,7,7,7,7.8399999886751175,8.719999998807907,8.719999998807907,8.7199999999998,9.28
61,61,25,4734.0,4832,4855,4960,4908,4796,5002,4857,4485,4475,4555,4594,4658,4775,4814,4777,4585,4796,4786,4836,4778,4852,4731,18550.0,18913,19123,19254,19302,19357,19398,19472,19564,19671,19724,19011,18928,18930,19208,19427,19582,18714,19551,19760,19602,19629,19687,orne,11.409999996423721,11.409999996423721,11.41,11.41,11.409999996423721,11.409999996423721,11.409999996423721,11.409999999999854,11.41,11.41,19.52999997138977,19.52999997138977,19.53,19.53,19.52999997138977,19.52999997138977,19.52999997138977,19.529999999999745,19.53,19.53,27.07,27.07,27.07,27.07,27.07,27.07,23.75,23.75,23.75,23.75,23.75,23.75,23.75,23.75,23.75,23.75,6.959999993443489,6.959999993443489,6.96,6.96,6.959999993443489,6.959999993443489,6.959999993443489,6.959999999999809,7.38
62,62,31,31552.0,40847,40815,40420,40023,39642,40374,40018,37676,36961,37121,36428,36145,36803,36527,36223,34743,33655,31937,31014,29829,28373,27158,115919.0,115677,114982,114413,113891,113410,113096,112963,112994,113449,114190,109328,109147,109492,110338,110899,111697,107196,110853,109029,108573,107997,107992,pas de calais,6.809999987483025,7.139999985694885,7.61,7.83,8.349999994039536,9.28999999165535,9.549999982118607,9.75,10.22,10.53,8.439999997615814,8.849999994039536,9.43,9.7,10.339999973773956,11.5,11.8299999833107,12.079999999999927,12.66,13.04,18.98,19.51,19.9,20.26,20.26,20.26,24.4899999499321,25.669999957084656,27.35,28.14,29.9899999499321,33.359999895095825,34.30999994277954,35.029999999998836,36.71,37.81,7.1099999994039536,7.449999988079071,7.94,8.17,8.709999978542328,9.689999997615814,9.969999998807907,10.179999999999836,10.8
63,63,83,9821.0,9883,9935,9931,10049,10203,10709,10862,10089,9966,10101,9833,10004,10170,10331,10349,10160,10218,10063,10068,10031,9718,9706,42318.0,41965,41438,40921,40347,40081,39748,39681,39445,39333,39188,36032,35488,35144,34974,34935,34990,32945,34695,34640,34559,34563,33952,puy de dome,6.959999993443489,7.059999987483025,7.47,7.47,7.689999997615814,7.829999998211861,7.829999998211861,7.939999999999827,8.33,8.33,10.019999980926514,10.169999986886978,10.76,10.76,11.0799999833107,11.27999997138977,11.27999997138977,11.4399999999996,12.26,12.26,18.79,18.79,20.48,20.48,20.48,20.48,20.0,20.299999952316284,21.47,21.47,22.10999995470047,22.509999990463257,22.509999990463257,22.829999999999927,23.95,23.95,6.909999996423721,7.009999990463257,7.62,7.62,7.8499999940395355,7.989999994635582,7.989999994635582,8.099999999999909,8.7
64,65,73,4353.0,4317,4280,4214,4265,4374,4572,4442,4155,4072,4119,4044,4057,4062,4046,4080,4059,4010,4050,3938,3923,3878,3700,13812.0,13818,13778,13696,13608,13762,13847,13841,13856,13798,13664,12633,12417,12349,12302,12228,12245,11410,11919,11832,11807,11635,11587,hautes pyrenees,7.379999995231628,7.379999995231628,7.89,7.97,8.669999986886978,8.929999977350235,9.099999994039536,9.329999999999927,9.61,9.85,12.699999988079071,12.719999998807907,13.6,13.73,14.939999997615814,15.389999985694885,15.679999977350235,16.06999999999971,16.55,16.96,23.62,24.09,24.69,24.69,24.69,24.69,39.9099999666214,39.9099999666214,42.67,43.09,46.87999999523163,48.28999996185303,49.199999928474426,50.42999999999847,51.94,53.24,12.259999990463257,12.259999990463257,13.11,13.24,14.399999976158142,14.8299999833107,15.109999984502792,15.489999999999782,15.95
65,66,91,15899.0,15912,15837,15590,15518,15552,15505,15187,14271,13986,14043,13772,13653,13559,13479,13364,13030,12655,12103,11815,11527,11135,10829,29738.0,29492,29222,28786,28564,28266,27958,27760,27493,27117,26870,25178,24879,24311,23728,23180,22763,21127,21599,21360,21006,20672,20222,pyrenees orientales,6.8599999994039536,7.0,7.36,7.36,8.23999997973442,8.389999985694885,8.52999997138977,8.529999999999745,9.21,9.21,9.23999997973442,9.419999986886978,9.91,9.91,11.099999994039536,11.299999982118607,11.48999997973442,11.489999999999782,12.41,12.41,19.13,19.13,19.32,19.51,19.51,19.51,20.869999945163727,21.289999961853027,22.4,22.4,25.089999973773956,25.539999961853027,25.969999969005585,25.969999999999345,28.05,28.05,11.009999990463257,11.229999989271164,12.06,12.06,13.509999990463257,13.75,13.979999989271164,13.979999999999563,15.1
66,67,42,19651.0,20113,20319,20380,20590,20472,20714,20677,19061,18447,18603,18040,17187,17230,16879,16739,16465,15461,14930,14990,15135,15570,15724,76043.0,76007,75581,75069,74885,74914,74958,74809,74846,74901,74581,69374,68169,67552,66776,66161,65532,59544,63331,62732,61829,60844,60052,bas rhin,5.969999998807907,6.329999998211861,6.71,6.97,7.25,7.829999998211861,8.099999994039536,8.329999999999927,8.56,8.77,5.429999992251396,5.759999990463257,6.11,6.35,6.5999999940395355,7.129999995231628,7.379999995231628,7.589999999999918,7.8,8.0,11.27,11.27,11.27,11.6,11.6,13.18,22.72999995946884,24.089999973773956,25.54,26.54,27.599999964237213,29.80999994277954,30.849999964237213,31.709999999999127,32.6,33.42,5.6099999994039536,5.949999988079071,6.31,6.56,6.819999992847443,7.36999998986721,7.629999995231628,7.839999999999918,8.06
67,68,42,13932.0,14362,14474,14663,14899,15092,15431,15385,14067,13489,13413,12738,12470,12376,12814,12818,12617,12329,11965,11878,11651,11176,11166,49912.0,50183,50005,49642,49701,49694,49671,49804,49851,49938,49860,47208,46640,46279,46377,46241,42615,39977,42292,42130,40808,40057,39666,haut rhin,5.139999985694885,5.449999988079071,5.78,5.95,6.11999998986721,6.669999986886978,6.959999993443489,7.1599999999998545,7.36,7.49,5.5899999886751175,5.929999992251396,6.29,6.48,6.669999986886978,7.269999995827675,7.5899999886751175,7.809999999999945,8.02,8.16,11.41,11.41,12.35,12.35,12.35,12.47,26.55999994277954,28.149999976158142,29.84,30.74,31.60999995470047,34.43999993801117,35.92999994754791,36.94999999999891,37.98,38.66,6.28999999165535,6.669999986886978,7.07,7.28,7.489999994635582,8.159999996423721,8.519999980926514,8.769999999999982,9.01
68,69,82,25550.0,25664,25084,24699,24648,24550,25091,25194,23600,24037,24335,24027,23755,24236,24775,25034,25109,25178,24999,25634,26116,26092,26036,143507.0,141553,138882,136257,134318,132795,131059,129428,128366,127441,126375,119616,117205,115953,115045,113789,112822,102522,110726,110004,108701,107688,106529,rhone,4.709999993443489,5.279999986290932,5.58,5.73,6.069999992847443,6.36999998986721,6.36999998986721,6.369999999999891,6.37,6.37,4.509999990463257,5.049999997019768,5.33,5.47,5.799999997019768,6.0899999886751175,6.0899999886751175,6.089999999999918,6.09,6.09,9.47,9.47,9.47,11.03,11.03,11.03,8.109999984502792,9.0799999833107,9.6,9.85,10.439999997615814,10.959999978542328,10.959999978542328,10.959999999999582,10.96,10.96,5.189999997615814,6.11999998986721,6.63,6.8,7.209999993443489,7.569999992847443,7.569999992847443,7.569999999999936,7.57
69,70,43,5268.0,5276,5264,5334,5395,5396,5550,5475,5077,4952,4888,4722,4705,4699,4692,4608,4459,4386,4113,3978,3802,3539,3414,16741.0,16925,16966,17046,17172,17231,17174,17054,17034,17115,16965,15607,15357,15282,15205,15227,15302,14590,15050,15033,15013,14940,15012,haute saone,6.439999997615814,6.829999998211861,6.83,6.83,7.239999994635582,7.389999985694885,7.389999985694885,7.389999999999873,7.51,7.59,14.699999988079071,15.5799999833107,15.58,15.58,16.509999990463257,16.839999973773956,16.839999973773956,16.839999999999236,17.11,17.28,23.02,23.25,23.62,24.0,24.0,24.0,38.45999991893768,40.769999980926514,40.77,40.77,43.21999990940094,44.08999991416931,44.08999991416931,44.08999999999833,44.8,45.26,7.939999997615814,8.419999986886978,8.42,8.42,8.929999977350235,9.109999984502792,9.109999984502792,9.109999999999673,9.26
70,71,26,8109.0,8207,8266,8292,8339,8425,8602,8626,7852,7706,7906,7817,8012,8271,8431,8364,8285,8435,8186,8273,8137,7904,7692,36101.0,36231,36155,36188,36072,36110,36268,36362,36369,36300,36420,34338,34052,34098,34270,34339,34709,33123,34860,35123,35360,35143,35357,saone et loire,5.629999995231628,6.309999987483025,6.47,6.6,6.919999986886978,7.3499999940395355,7.5,7.569999999999936,7.94,9.01,9.049999982118607,10.139999985694885,10.39,10.6,11.11999997496605,11.809999972581863,12.03999999165535,12.159999999999854,12.75,14.47,20.08,20.08,20.08,20.08,20.08,20.08,15.949999988079071,17.85999995470047,18.31,18.68,19.599999964237213,20.80999994277954,21.22999995946884,21.4399999999996,22.48,25.51,6.139999985694885,6.879999995231628,7.05,7.19,7.53999999165535,8.009999990463257,8.169999986886978,8.25,8.65
71,72,52,9643.0,9758,9693,9775,9559,9369,9587,9348,8542,8153,8237,7893,7858,7935,7903,7974,8233,7969,7876,7902,7951,7675,7290,42703.0,42894,42852,42682,42562,42376,42124,41491,41231,41143,40708,38599,37953,37432,37269,37067,37127,35199,36778,36642,36369,36269,36053,sarthe,7.139999985694885,7.3499999940395355,7.64,7.64,7.639999985694885,7.949999988079071,8.429999977350235,8.639999999999873,9.29,9.29,10.02999997138977,10.3299999833107,10.74,10.74,10.73999997973442,11.169999986886978,11.839999973773956,12.139999999999873,13.05,13.64,18.19,18.19,18.55,18.92,19.11,19.3,16.77999997138977,17.02999997138977,17.37,17.37,17.369999945163727,18.05999994277954,19.139999985694885,19.61999999999989,21.09,21.09,6.489999994635582,6.679999992251396,6.95,6.95,6.949999988079071,7.229999989271164,7.659999996423721,7.849999999999909,8.44
72,73,82,4695.0,4759,4749,4810,4874,4916,5031,5090,4599,4439,4583,4473,4552,4689,4871,5004,4999,4914,4848,4798,4849,4625,4488,30880.0,30875,30478,30059,30062,30049,29891,29851,29779,29608,29377,27677,27212,26875,26673,26299,25969,24083,25223,24965,24617,24396,24180,savoie,4.189999997615814,4.5999999940395355,4.78,4.78,4.779999986290932,4.919999986886978,4.919999986886978,4.919999999999845,4.92,4.92,6.3499999940395355,6.969999998807907,7.24,7.24,7.239999994635582,7.459999993443489,7.459999993443489,7.459999999999809,7.46,7.46,11.03,11.03,11.03,11.03,11.03,11.03,24.9899999499321,27.439999997615814,28.51,28.51,28.509999990463257,29.369999945163727,29.369999945163727,29.36999999999989,29.37,29.37,7.739999994635582,8.5,8.83,8.83,8.8299999833107,9.089999973773956,9.089999973773956,9.08999999999969,9.09
73,74,82,7149.0,7270,7474,7759,8011,8160,8466,8488,7844,7548,7905,7815,7997,8200,8612,8955,8995,8813,8799,8615,8593,8566,8561,50841.0,51084,50799,50404,50406,50284,49984,49432,49525,49364,49336,46384,45547,44719,42740,41987,41194,37294,39957,39409,38651,37862,37442,haute savoie,4.279999986290932,5.169999986886978,5.33,5.33,5.329999998211861,5.329999998211861,5.329999998211861,5.329999999999927,5.33,5.84,4.559999987483025,7.429999992251396,7.65,7.65,7.649999991059303,7.649999991059303,7.649999991059303,7.649999999999864,7.65,8.38,11.7,12.03,12.03,12.03,12.03,12.03,18.5,22.349999964237213,23.02,23.02,23.019999980926514,23.019999980926514,23.019999980926514,23.019999999999527,23.02,25.21,5.689999997615814,6.86999998986721,7.08,7.08,7.079999998211861,7.079999998211861,7.079999998211861,7.079999999999927,7.08
74,75,11,19823.0,21391,22482,25367,26939,28216,29071,29969,28722,29368,29562,28989,28113,29470,31244,32691,32443,33026,32612,32680,32233,31713,30999,115028.0,117460,117348,116185,116238,115905,115701,114327,114031,114048,113096,106689,106694,105560,104758,102982,102696,71753,103461,103852,103906,104249,105281,paris,2.189999997615814,2.189999997615814,2.19,2.19,2.189999997615814,2.189999997615814,2.189999997615814,2.189999999999941,2.39,2.58,0.0,0.0,0.0,0.0,0.0,0.0,0.0,0.0,3.0,3.24,5.13,5.13,5.13,5.13,5.13,5.13,0.0,0.0,0.0,0.0,0.0,0.0,0.0,0.0,0.0,0.0,0,0,0,0,0,0,0,0,0
75,76,23,19138.0,19060,19405,19463,19746,19728,20195,20571,19361,19324,19707,19410,19486,19977,20179,20352,20245,19931,19523,19160,18990,18513,18080,93519.0,93166,92693,92050,91970,92066,91938,92128,92294,92810,93117,89075,88881,89244,89833,90233,90997,86516,90804,90754,90515,90229,90101,seine maritime,6.529999986290932,6.529999986290932,6.53,6.53,6.529999986290932,6.529999986290932,6.529999986290932,6.529999999999973,7.49,7.49,13.159999996423721,13.159999996423721,13.16,13.16,13.159999996423721,13.159999996423721,13.159999996423721,13.159999999999854,15.1,15.1,21.69,21.88,22.54,25.36,25.36,25.36,22.7399999499321,22.7399999499321,22.74,22.74,22.7399999499321,22.7399999499321,22.7399999499321,22.73999999999978,26.09,26.09,6.379999995231628,6.379999995231628,6.38,6.38,6.75,7.139999985694885,7.139999985694885,7.139999999999873,8.19
76,77,11,19388.0,19334,18800,18251,18506,18494,18607,18514,16725,15845,15391,15125,14226,14698,15262,15294,13601,14878,14662,14641,13985,12726,11454,119971.0,118138,116461,114651,113799,112650,111683,110322,109170,108669,108531,100986,98967,97788,97028,95794,94405,85772,92528,92175,91223,89892,88687,seine et marne,5.569999992847443,6.0999999940395355,6.1,6.1,6.0999999940395355,6.409999996423721,6.479999989271164,6.479999999999791,7.06,7.06,9.0799999833107,9.939999997615814,9.94,9.94,9.939999997615814,10.979999989271164,11.099999994039536,11.099999999999909,12.13,12.13,15.24,15.24,15.7,15.7,15.7,15.7,25.259999990463257,27.649999976158142,27.65,27.65,27.649999976158142,29.05999994277954,29.37999999523163,29.3799999999992,31.99,31.99,5.61999998986721,6.149999991059303,6.15,6.15,6.149999991059303,6.459999993443489,6.779999986290932,6.779999999999973,7.81
77,78,11,13467.0,13408,13223,13152,13374,13424,13475,13470,11907,11479,11677,11256,11110,11482,12303,13175,12807,14183,14499,14983,15661,14974,14849,120925.0,120354,119395,118658,118203,117337,116532,116163,116246,115960,115832,107831,106874,105786,106999,106287,106649,86518,103428,103358,103187,102277,101579,yvelines,4.699999988079071,4.75,4.8,4.8,4.799999997019768,4.799999997019768,4.799999997019768,4.7999999999999545,4.8,5.51,4.5,4.549999997019768,4.6,4.6,4.5999999940395355,4.5999999940395355,4.5999999940395355,4.599999999999909,4.6,5.28,7.58,7.58,7.58,7.58,7.58,7.58,16.219999969005585,16.37999999523163,16.54,16.54,16.539999961853027,16.539999961853027,16.539999961853027,16.54,16.54,18.99,4.449999988079071,4.489999994635582,4.53,4.53,4.529999986290932,4.529999986290932,4.529999986290932,4.529999999999973,4.53
78,79,54,6970.0,7053,7000,6929,6614,6527,6724,6624,6093,6018,6199,6042,6150,6285,6334,6395,6232,6054,5949,5910,5915,5885,5850,25264.0,25220,25014,24769,24511,24232,24003,23662,23486,23338,23312,22030,21718,21631,21562,21456,21527,20532,21573,21659,21703,21815,21986,deux sevres,6.149999991059303,6.639999985694885,7.11,7.22,7.53999999165535,7.919999986886978,8.03999999165535,8.519999999999982,9.29,9.55,8.219999998807907,8.879999995231628,9.51,9.65,10.0799999833107,10.589999973773956,10.75,11.399999999999636,12.43,12.78,17.99,17.99,18.3,18.6,18.98,18.98,24.039999961853027,25.959999978542328,27.79,28.21,29.47999995946884,30.959999978542328,31.419999957084656,33.30999999999949,36.31,37.33,6.379999995231628,6.889999985694885,7.38,7.49,7.829999998211861,8.219999998807907,8.339999973773956,8.83999999999969,9.64
79,80,22,11603.0,11863,11861,11972,12054,12040,12369,12330,11557,11422,11515,11335,11468,11723,11746,11819,11496,11170,10884,10453,10105,9770,9368,40057.0,40029,39914,39750,39645,39435,39312,39090,39068,39230,39249,37166,36889,36579,36547,36654,36849,35036,36327,36287,36122,35971,35993,somme,8.729999989271164,9.509999990463257,9.51,9.51,10.269999980926514,10.52999997138977,11.03999999165535,11.04,12.2,12.2,12.649999976158142,13.77999997138977,13.78,13.78,14.879999995231628,15.25,15.979999989271164,15.979999999999563,17.66,17.66,24.16,24.16,25.54,25.54,25.54,25.54,24.799999952316284,27.009999990463257,27.01,27.01,29.1599999666214,29.889999985694885,31.319999992847443,31.31999999999971,34.61,34.61,6.949999988079071,7.569999992847443,7.57,7.57,8.169999986886978,8.36999997496605,8.769999980926514,8.769999999999982,10.15
80,81,73,9305.0,9284,9196,9087,9178,9088,9267,9020,8383,8227,8143,7967,7965,8007,7966,7848,7604,7337,7167,6933,6803,6536,6435,25394.0,25257,25002,24807,24582,24501,24435,24212,24046,23727,23467,21724,21258,20845,20569,20285,20175,18892,19932,19443,19360,19290,19048,tarn,6.479999989271164,6.86999998986721,7.55,7.7,8.009999990463257,8.449999988079071,8.61999997496605,8.779999999999745,9.39,9.77,13.729999989271164,14.549999982118607,16.45,16.76,17.429999947547913,18.389999985694885,18.759999990463257,19.099999999999454,20.42,21.03,28.2,28.2,28.2,28.2,28.2,28.2,48.25999999046326,51.139999985694885,56.2,57.27,59.55999994277954,62.829999923706055,62.829999923706055,63.95999999999913,68.37,70.42,11.089999973773956,11.75,13.3,13.55,14.089999973773956,14.859999984502792,14.859999984502792,15.129999999999654,16.17
81,82,73,6800.0,6933,6882,6805,6618,6613,6771,6638,6006,5828,5793,5541,5402,5385,5268,5128,4932,4632,4432,4262,4119,3890,3732,18503.0,18428,18148,17757,17357,17011,16644,16296,15782,15181,14768,13322,12819,12506,12098,11683,11429,10571,10856,10630,10433,10239,10076,tarn et garonne,6.379999995231628,6.5999999940395355,6.83,7.03,7.279999986290932,7.569999992847443,7.719999998807907,7.869999999999891,8.07,8.31,16.0799999833107,16.639999985694885,17.22,17.74,18.35999995470047,19.089999973773956,19.469999969005585,19.859999999999673,20.36,20.97,28.22,28.64,28.93,28.93,28.93,28.93,60.169999957084656,62.27999997138977,64.46,66.39,68.7099997997284,71.4599997997284,72.8899998664856,74.34999999999854,76.21,78.49,10.759999990463257,11.139999985694885,11.64,12.16,12.799999982118607,13.309999972581863,13.5799999833107,13.849999999999909,14.2
82,83,93,27027.0,27231,27435,26940,26947,27061,27691,27830,26565,26715,27417,27093,27496,28411,28691,28609,28183,27444,26750,25681,26081,24583,23744,66898.0,66818,66346,65874,65891,65709,65647,65354,65495,65710,65486,58010,56949,55785,54601,53172,51960,47500,49526,48077,47822,46651,45550,var,4.889999985694885,5.0899999886751175,5.29,5.29,5.6099999994039536,6.149999991059303,6.149999991059303,6.149999999999864,6.15,6.52,5.919999986886978,6.159999996423721,6.4,6.4,6.779999986290932,7.429999992251396,7.429999992251396,7.429999999999836,7.43,7.88,11.76,11.76,11.76,12.46,12.46,14.89,18.669999957084656,19.419999957084656,20.18,20.18,21.389999985694885,23.439999997615814,23.439999997615814,23.4399999999996,23.44,24.85,7.5,7.5,7.5,7.5,7.879999995231628,8.549999982118607,8.549999982118607,8.549999999999727,8.55
83,84,93,15549.0,15598,15566,15462,15523,15414,15667,15426,14530,14237,14424,14101,13934,14132,14283,14152,13760,13678,13163,12773,12514,12162,11580,39390.0,39403,38986,38542,38206,38071,37717,37562,37324,37254,37220,35186,34736,34261,33865,33135,32648,30052,31647,31198,30545,29858,29228,vaucluse,6.079999998211861,6.079999998211861,6.08,6.08,6.8599999994039536,7.199999988079071,7.3399999886751175,7.339999999999918,7.55,7.55,7.8499999940395355,7.8499999940395355,7.85,7.85,9.259999990463257,9.719999998807907,9.909999996423721,9.909999999999854,10.2,10.2,14.24,14.24,14.41,14.41,14.41,14.41,23.289999961853027,23.289999961853027,23.29,23.29,26.27999997138977,27.589999973773956,28.139999985694885,28.139999999999418,28.96,28.96,9.98999997973442,9.98999997973442,9.99,9.99,11.78999999165535,12.379999995231628,12.629999995231628,12.629999999999654,13
84,85,52,11148.0,11300,11189,11015,11050,10795,11060,10770,9697,9430,9389,9025,8888,8992,9025,8971,8925,8449,8035,8142,8264,8098,7920,49593.0,49243,48683,47925,47324,46539,45671,44610,43620,42505,41859,39894,38865,38113,37580,37113,36925,34974,36715,36698,36749,36634,36816,vendee,7.079999998211861,7.579999998211861,8.03,8.19,8.389999985694885,8.639999985694885,8.769999980926514,8.769999999999982,9.21,9.21,7.209999993443489,7.709999993443489,8.17,8.33,8.53999999165535,8.799999982118607,8.929999977350235,8.929999999999836,9.38,9.38,13.47,14.35,14.75,15.12,15.35,15.58,17.429999947547913,18.649999976158142,19.77,20.16,20.6599999666214,21.27999997138977,21.599999964237213,21.599999999999454,22.68,22.68,6.8499999940395355,7.329999998211861,7.77,7.93,8.129999995231628,8.36999997496605,8.5,8.5,8.92
85,86,54,7654.0,7542,7546,7517,7517,7603,7721,7480,6820,6540,6556,6218,6252,6287,6230,6373,6151,6058,5748,5712,5680,5509,5363,29197.0,28996,28656,28253,27998,27781,27489,27227,26959,26706,26416,24067,23530,23347,23199,22941,22878,21380,22517,22484,22405,22306,22089,vienne,5.299999997019768,5.459999993443489,5.9,6.08,6.86999998986721,7.189999997615814,7.53999999165535,7.739999999999782,7.93,8.09,6.189999997615814,6.379999995231628,6.89,7.1,8.019999980926514,8.399999976158142,8.799999982118607,9.039999999999964,9.26,9.45,14.44,14.58,14.87,14.87,14.87,14.87,12.209999978542328,12.5799999833107,13.59,14.0,15.819999992847443,16.55999994277954,17.349999964237213,17.81999999999971,18.25,18.62,5.439999997615814,5.5999999940395355,6.05,6.23,7.03999999165535,7.36999998986721,7.719999998807907,7.929999999999836,8.12
86,87,74,5829.0,5936,5905,5757,5656,5729,5777,5672,5087,4929,4993,4917,5060,5159,5274,5256,5020,4869,4741,4616,4542,4359,4290,22053.0,21823,21655,21402,21254,21096,20982,20724,20631,20401,20166,18431,17902,17762,17646,17474,17356,16133,17133,17012,16840,16849,16842,haute vienne,5.719999998807907,5.889999985694885,6.56,6.66,6.8599999994039536,7.329999998211861,7.479999989271164,7.579999999999927,7.73,8.0,7.899999991059303,8.139999985694885,9.07,9.21,9.479999989271164,10.11999997496605,10.3299999833107,10.4699999999998,10.76,11.14,16.87,17.04,17.21,17.43,17.53,17.53,20.509999990463257,21.119999945163727,23.53,23.88,24.5799999833107,26.25,26.77999997138977,27.149999999999636,27.69,28.66,6.449999988079071,6.709999993443489,7.58,7.69,7.979999989271164,8.679999977350235,8.949999988079071,9.08999999999969,9.35
87,88,41,8146.0,8258,8311,8345,8313,8407,8659,8544,7973,7654,7573,7358,7294,7249,7122,7134,7070,6937,6730,6664,6469,6114,5864,24789.0,25299,25589,25754,26109,26391,26679,26703,27099,27283,27365,25945,25724,25626,25824,26050,26294,25292,26427,26639,26675,26617,26744,vosges,7.919999986886978,8.309999972581863,8.54,8.73,9.25,9.889999985694885,10.169999986886978,10.849999999999909,11.46,11.85,10.769999980926514,11.299999982118607,11.61,11.87,12.5799999833107,13.449999988079071,13.8299999833107,14.75,15.59,16.67,21.2,21.2,22.32,22.7,22.9,22.9,19.22999995946884,20.149999976158142,20.7,21.16,22.419999957084656,23.97999995946884,24.649999976158142,26.299999999999272,27.79,28.73,7.009999990463257,7.3599999994039536,7.56,7.73,8.189999997615814,8.759999990463257,9,9.599999999999909,10.14
88,89,26,6456.0,6522,6499,6460,6670,6740,6833,6893,6340,6116,6203,6063,5920,6012,5952,5928,5812,5505,5256,4986,4772,4598,4307,23059.0,23024,23130,23080,23061,23079,23035,22998,23087,23162,23065,21655,21351,21138,21220,21202,21200,19840,20761,20635,20400,20267,20141,yonne,6.489999994635582,6.719999998807907,7.1,7.1,7.279999986290932,7.8399999886751175,8.219999998807907,8.419999999999618,8.8,8.8,10.509999990463257,10.889999985694885,11.51,11.51,11.799999982118607,12.709999978542328,13.3299999833107,13.649999999999636,14.27,14.27,19.74,19.74,20.51,20.51,20.51,21.1,27.209999978542328,28.179999947547913,29.79,29.79,30.539999961853027,32.889999985694885,34.5,35.32999999999993,36.94,36.94,6.739999994635582,6.979999989271164,7.38,7.38,7.569999992847443,8.149999976158142,8.549999982118607,8.759999999999764,9.16
89,90,43,2318.0,2383,2290,2396,2435,2390,2403,2450,2270,2177,2130,2089,1998,2008,2069,2052,2031,2025,1948,1920,1965,1869,1828,9848.0,9958,9891,9946,9958,9955,9985,9789,9873,9972,10031,9313,9250,9211,9261,9203,9170,8708,9197,9231,9187,9106,9125,territoire de belfort,6.8499999940395355,7.259999990463257,7.4,7.44,7.809999987483025,8.319999992847443,8.399999976158142,8.399999999999636,8.9,8.9,7.799999997019768,8.269999980926514,8.43,8.47,8.889999985694885,9.469999998807907,9.559999972581863,9.559999999999945,10.13,10.13,15.46,15.46,15.46,16.23,16.23,16.23,7.8399999886751175,8.309999972581863,8.47,8.51,8.939999997615814,9.519999980926514,9.609999984502792,9.609999999999673,10.19,10.19,9.719999998807907,10.299999982118607,10.5,10.55,11.0799999833107,11.799999982118607,11.919999986886978,11.919999999999618,12.64
90,91,11,17229.0,17006,15985,15624,16231,16507,16575,16536,14619,14910,14645,14139,13929,14288,14710,15216,14107,14948,15419,15392,15101,14346,14206,108638.0,107529,105597,103980,102992,101956,101000,100294,100029,100178,99735,92746,90726,89717,88583,88094,87176,75339,85270,84708,83978,83067,81301,essonne,5.709999993443489,5.819999992847443,5.82,5.82,5.819999992847443,6.679999992251396,6.679999992251396,6.9099999999998545,7.15,7.4,7.669999986886978,7.819999992847443,7.82,7.82,7.819999992847443,8.969999998807907,8.969999998807907,9.319999999999709,9.65,9.99,12.69,12.69,12.69,12.69,12.69,12.69,22.769999980926514,23.219999969005585,23.22,23.22,23.219999969005585,26.62999999523163,26.62999999523163,27.54,28.5,29.5,6.889999985694885,7.029999986290932,7.03,7.03,7.029999986290932,8.5799999833107,8.5799999833107,9.019999999999982,9.49
91,92,11,15402.0,15951,16629,17692,18799,19145,19865,20695,19293,19023,19132,18645,18352,19243,20152,20970,21127,22096,22006,22436,22312,21663,20726,121507.0,121404,120068,118286,117145,116301,114384,112876,111942,110459,109101,101919,99987,98309,96939,95355,93428,70129,90971,89352,87793,86160,84927,hauts de seine,5.679999992251396,5.679999992251396,5.74,5.8,5.799999997019768,5.799999997019768,5.799999997019768,5.7999999999999545,6.04,6.04,4.639999985694885,4.639999985694885,4.69,4.74,4.739999994635582,4.739999994635582,4.739999994635582,4.739999999999782,4.93,4.93,7.08,7.08,7.08,7.08,7.08,7.08,7.3599999994039536,7.3599999994039536,7.43,7.5,7.5,7.5,7.5,7.5,7.8,7.8,5.559999987483025,5.559999987483025,5.62,5.68,5.679999992251396,5.679999992251396,5.679999992251396,5.679999999999836,5.91
92,93,11,40323.0,40397,40059,39517,39520,39143,39398,40376,37857,37006,36660,35922,33908,34468,34207,34644,34004,33487,33281,32940,32001,32720,33820,137981.0,135339,132765,130570,128870,128024,126371,124912,123990,122458,121291,116038,113739,112125,111028,109546,108454,100507,104974,104497,103282,102887,102255,seine saint denis,5.699999988079071,5.8499999940395355,6.04,6.04,6.529999986290932,7.149999991059303,7.149999991059303,7.149999999999864,7.65,8.11,7.189999997615814,7.389999985694885,7.62,7.62,8.229999989271164,9.009999990463257,9.009999990463257,9.009999999999764,9.64,10.22,13.06,14.05,14.05,14.88,14.88,14.88,10.349999994039536,10.629999995231628,10.97,10.97,11.849999994039536,12.969999998807907,12.969999998807907,12.9699999999998,13.88,14.71,9.469999998807907,9.729999989271164,10.19,10.19,11.419999986886978,13.02999997138977,13.02999997138977,13.029999999999745,13.94
93,94,11,21616.0,21740,21413,21482,22129,23294,23935,23519,21873,21601,22250,21975,21224,21983,21958,22476,21077,22576,23271,23669,23263,22544,21556,105284.0,104403,102575,101076,100382,99848,99383,97761,97224,96402,95736,89567,87577,86088,85289,83865,83634,71118,81768,81098,79998,78934,77733,val de marne,5.669999986886978,5.779999986290932,5.78,5.78,5.899999991059303,6.169999986886978,6.28999999165535,6.419999999999845,6.84,7.11,7.299999997019768,7.449999988079071,7.45,7.45,7.5999999940395355,7.939999997615814,8.099999994039536,8.259999999999764,8.8,9.15,11.86,12.1,12.28,12.62,12.62,12.62,11.159999996423721,11.379999995231628,11.38,11.38,11.609999984502792,12.129999995231628,12.379999995231628,12.629999999999654,13.45,13.99,8.359999984502792,8.52999997138977,8.53,8.53,8.699999988079071,9.28999999165535,9.569999992847443,9.859999999999673,10.82
94,95,11,20929.0,20928,19965,19644,20181,20327,20004,19963,18341,18216,18500,17921,17640,17500,17274,16861,16643,17702,17226,17428,17238,16539,15886,107397.0,106696,104627,102998,102279,101593,100738,100067,100210,100150,99665,94367,92616,91856,91377,90603,90510,80878,88962,88898,87970,86624,85727,val d oise,5.879999995231628,5.879999995231628,5.88,5.88,5.879999995231628,5.879999995231628,5.879999995231628,5.879999999999882,5.88,5.88,6.649999991059303,6.649999991059303,6.65,6.65,6.649999991059303,6.649999991059303,6.649999991059303,6.649999999999864,6.65,6.65,9.24,11.24,13.25,13.25,13.25,13.25,18.5,18.5,18.5,18.5,18.5,18.5,18.5,18.5,18.5,18.5,6.449999988079071,6.449999988079071,6.45,6.45,6.449999988079071,6.449999988079071,6.449999988079071,6.449999999999818,6.45
95,971,01,24229.0,24295,24182,23953,24153,23852,23424,23088,21988,23872,23990,23109,21994,20831,20017,18747,17578,16193,15147,13345,11371,10478,8949,53905.0,54693,55586,56111,56731,57661,58172,60658,58346,63571,62872,62260,60567,59167,58289,56515,55403,50156,52514,50719,55140,54198,52495,guadeloupe,11.73999997973442,11.73999997973442,11.74,11.74,11.73999997973442,11.73999997973442,11.73999997973442,11.739999999999782,11.74,10.2,19.02999997138977,19.02999997138977,19.03,19.03,19.02999997138977,19.02999997138977,19.02999997138977,19.029999999999745,19.03,19.03,25.27,25.27,25.27,25.27,25.27,25.27,23.9899999499321,23.9899999499321,23.99,23.99,23.9899999499321,23.9899999499321,23.9899999499321,23.98999999999978,23.99,23.99,9.639999985694885,9.639999985694885,9.64,9.64,9.639999985694885,9.639999985694885,9.639999985694885,9.639999999999873,9.64
96,972,02,21361.0,21758,21940,21848,22368,22341,22096,21853,21766,21601,21814,21272,20783,20064,19563,18353,17000,16327,15150,13957,12911,12060,10680,45762.0,46711,47953,48718,49859,51166,51944,53632,53703,53719,53599,53208,52214,51300,50717,49834,49098,45474,47815,46894,51177,50335,48967,martinique,7.509999990463257,7.509999990463257,8.13,8.13,8.129999995231628,8.77999997138977,8.77999997138977,8.779999999999745,8.78,8.78,11.549999982118607,11.549999982118607,12.5,12.5,12.5,13.5,13.5,13.5,13.5,13.5,19.49,19.49,19.49,19.49,19.49,19.49,10.199999988079071,10.199999988079071,11.04,11.04,11.03999999165535,11.919999986886978,11.919999986886978,11.919999999999618,11.92,11.92,5.03999999165535,5.03999999165535,5.65,5.65,5.649999991059303,6.0999999940395355,6.0999999940395355,6.099999999999909,6.1
97,973,03,11915.0,11149,10674,9787,9573,9315,9073,8823,8539,8322,8163,7860,7563,7248,7161,6837,6627,6414,5932,5376,4779,4052,3439,31962.0,31242,30561,29291,28397,28064,26952,26578,25614,24755,24026,22994,21655,20740,20264,19263,18656,16758,17479,16744,18116,16687,15356,guyane,11.409999996423721,11.409999996423721,11.41,11.41,11.409999996423721,11.409999996423721,11.409999996423721,11.409999999999854,11.41,11.41,25.97999995946884,25.97999995946884,25.98,25.98,25.97999995946884,25.97999995946884,25.97999995946884,25.979999999999563,25.98,25.98,32.92,32.92,32.92,32.92,32.92,32.92,15.699999988079071,15.699999988079071,15.7,15.7,15.699999988079071,15.699999988079071,15.699999988079071,15.699999999999818,15.7,15.7,11.86999997496605,11.86999997496605,11.87,11.87,11.86999997496605,11.86999997496605,11.86999997496605,11.86999999999989,11.87
98,974,04,65336.0,65030,63472,62652,62420,61368,60591,58971,57535,56968,57434,56442,55786,54689,53507,51623,49180,46626,43504,40006,36993,34187,31160,129702.0,129357,128748,128250,128168,127329,126562,126850,125098,123408,121892,119865,116343,113778,111040,108639,106555,99165,101069,98192,107412,104571,101204,reunion,4.159999996423721,4.159999996423721,4.16,4.16,4.159999996423721,4.159999996423721,4.53999999165535,4.539999999999964,5.9,5.9,5.909999996423721,5.909999996423721,5.91,5.91,5.909999996423721,5.909999996423721,6.449999988079071,6.449999999999818,8.39,8.39,12.94,12.94,12.94,12.94,12.94,12.94,8.559999972581863,8.559999972581863,8.56,8.56,8.559999972581863,8.559999972581863,9.339999973773956,9.33999999999969,12.14,12.14,4.429999992251396,4.429999992251396,4.43,4.43,4.429999992251396,4.429999992251396,4.829999998211861,4.829999999999927,6.28
