,code,reg,alf15,alf14,alf13,alf12,alf11,alf10,alf09,alf08,alf07,alf06,alf05,alf04,alf03,alf02,alf01,alf00,alf99,alf98,alf97,alf96,alf95,alf94,alf93,af15,af14,af13,af12,af11,af10,af09,af08,af07,af06,af05,af04,af03,af02,af01,af00,af99,af98,af97,af96,af95,af94,af93,apl15,apl14,apl13,apl12,apl11,apl10,apl09,apl08,apl07,apl06,apl05,apl04,apl03,apl02,apl01,apl00,apl99,apl98,apl97,apl96,apl95,apl94,apl93
0,01,82,6773.0,6833,6862,6786,6896,6887,7165,7137,6495,6337,6327,6271,6146,6077,6017,6182,6189,6189,5916,5979,6140,5935,5806,47043.0,47042,46437,45850,45830,45522,45280,44683,44175,43795,43290,40274,39524,38917,38164,37570,36878,34243,35563,34975,34250,33751,33347,23605.0,23753.0,23681.0,23308.0,22870.0,21994.0,22253.0,21811.0,20262.0,19937.0,20857.0,21080.0,21703.0,22228.0,22382.0,23193.0,23815.0,23675.0,23681.0,24190.0,23817.0,23175.0,22409.0
1,02,22,13549.0,13801,13782,13755,14023,13938,14284,14285,13509,13291,13498,13171,13332,13374,13391,13320,12993,12599,12067,11669,11171,10579,9879,39350.0,39275,39016,38910,38983,38951,38996,38959,39021,39069,39281,37353,37148,37331,37410,37669,37945,36206,37638,37621,37479,37345,37129,25561.0,25949.0,25806.0,25438.0,25046.0,24744.0,24698.0,24629.0,23639.0,23252.0,24122.0,24216.0,24988.0,25864.0,26222.0,26672.0,27072.0,27432.0,27450.0,27830.0,27483.0,27279.0,26582.0
2,03,83,7020.0,7052,7060,6950,7068,7058,6994,7072,6575,6526,6622,6585,6578,6768,6866,6840,6818,6860,6786,6837,6904,6709,6604,20288.0,20347,20400,20270,20348,20299,20223,20116,19936,19907,19808,18688,18392,18364,18463,18520,18437,17575,18431,18435,18445,18433,18502,12674.0,13059.0,12935.0,12732.0,12653.0,12411.0,12462.0,12444.0,11952.0,11747.0,12240.0,12280.0,12545.0,13007.0,13192.0,13635.0,13973.0,14166.0,14314.0,14505.0,14518.0,14473.0,14316.0
3,04,93,4162.0,4160,4215,4178,4174,4210,4162,4143,3900,3866,3988,3889,3865,3810,3839,3827,3727,3659,3532,3407,3199,3106,2991,9948.0,10083,10017,10084,10145,10109,10085,10176,10211,10266,10244,9451,9239,9017,8836,8631,8460,7805,8107,7994,7696,7490,7177,4705.0,4719.0,4700.0,4583.0,4488.0,4342.0,4307.0,4235.0,4066.0,4014.0,4191.0,4172.0,4313.0,4379.0,4410.0,4445.0,4459.0,4516.0,4585.0,4714.0,4683.0,4658.0,4546.0
4,05,93,2452.0,2573,2597,2565,2557,2539,2541,2571,2351,2280,2259,2207,2285,2357,2405,2416,2315,2228,2231,2131,2081,2033,1928,8995.0,9046,9069,9030,9065,9150,9189,9178,9190,9194,9107,8307,8211,8077,7954,7847,7755,7034,7497,7378,7210,7022,6904,4647.0,4758.0,4731.0,4649.0,4642.0,4597.0,4576.0,4475.0,4171.0,4075.0,4271.0,4351.0,4497.0,4683.0,4749.0,4923.0,5040.0,4919.0,5007.0,5031.0,4942.0,4826.0,4686.0
5,06,93,26395.0,26679,27098,27211,27868,28226,28938,29234,27733,28418,29232,29445,30306,31263,31732,32351,32107,31404,30680,31028,30749,30383,28926,65870.0,66175,65672,64807,64664,64742,64851,64547,64789,64935,64924,61797,61069,60336,59126,57875,57148,50759,55266,54994,54352,53735,52647,29915.0,29645.0,28747.0,27830.0,27188.0,27376.0,27485.0,27117.0,26059.0,26338.0,27460.0,27605.0,28059.0,28760.0,28914.0,29365.0,29805.0,29928.0,29256.0,29004.0,27907.0,27588.0,26855.0
6,07,82,6740.0,6730,6755,6774,6719,6711,6776,6630,6143,6002,6044,5966,5831,5953,5987,5888,5749,5542,5459,5256,5108,4891,4824,22379.0,22457,22467,22430,22233,22174,22113,21977,21671,21417,21227,20032,19527,19066,18800,18487,18245,17195,17822,17636,17380,17163,17097,11177.0,11362.0,11414.0,11325.0,11283.0,11259.0,11532.0,11318.0,10606.0,10420.0,10688.0,10748.0,10986.0,11205.0,11375.0,11536.0,11625.0,11711.0,11750.0,11742.0,11719.0,11572.0,11416.0
7,08,21,6360.0,6410,6663,6883,6934,6964,7163,7165,6818,6691,6874,6771,6786,6745,6716,6559,6315,5989,5805,5637,5417,5142,4971,19091.0,19343,19544,19622,19725,19965,20138,20300,20521,20684,20939,19868,19912,19978,20168,20323,20519,19775,20449,20481,20452,20382,20531,14779.0,14964.0,15233.0,15241.0,15058.0,15017.0,15257.0,15352.0,14908.0,14943.0,15555.0,15762.0,16443.0,16947.0,17255.0,17770.0,18447.0,18811.0,18848.0,19145.0,19183.0,19151.0,18753.0
8,09,73,4341.0,4425,4446,4342,4305,4325,4438,4374,4047,3905,3901,3859,3808,3810,3734,3735,3658,3549,3370,3232,3148,3083,2954,9154.0,9234,9223,9170,9167,9148,9022,8961,8856,8748,8607,7914,7692,7496,7332,7230,7222,6824,7012,6955,6871,6756,6714,4062.0,4119.0,4117.0,4049.0,3926.0,3846.0,3783.0,3769.0,3588.0,3551.0,3733.0,3819.0,3873.0,4105.0,4229.0,4269.0,4458.0,4581.0,4619.0,4581.0,4436.0,4432.0,4387.0
9,10,21,5546.0,5585,5696,5598,5505,5403,5465,5488,4922,4705,4592,4379,4385,4318,4185,4177,4142,3946,3707,3629,3450,3073,2886,20836.0,20813,20673,20397,20263,20193,20008,19948,19891,19930,20055,18561,18360,18238,18290,18338,18506,17599,18387,18367,18203,18216,18047,17995.0,18024.0,17645.0,17381.0,17017.0,16895.0,17000.0,17026.0,16498.0,16432.0,16946.0,17195.0,17461.0,17703.0,17948.0,18326.0,18731.0,19004.0,19041.0,19211.0,18986.0,18661.0,18116.0
10,11,91,11517.0,11550,11559,11382,11265,11253,11226,10787,9861,9505,9392,9018,8846,8681,8365,8088,7784,7374,7078,6782,6845,6531,6234,22931.0,22816,22758,22613,22382,22073,21774,21538,21094,20907,20561,18941,18423,17957,17419,16974,16695,15132,15863,15399,15322,14944,14554,13092.0,13098.0,12735.0,12574.0,12223.0,11853.0,11694.0,11774.0,11353.0,11288.0,11776.0,12007.0,12468.0,12971.0,13224.0,13645.0,13757.0,13988.0,13989.0,13783.0,13862.0,13396.0,13247.0
11,12,73,4579.0,4554,4593,4573,4533,4639,4742,4680,4289,4231,4239,4135,4155,4140,4159,4252,4224,4095,3981,3889,3794,3676,3598,15861.0,15868,15815,15633,15567,15584,15508,15460,15507,15378,15212,14247,13925,13798,13615,13445,13308,12475,13164,13061,12970,12875,12724,7049.0,7282.0,7306.0,7238.0,7153.0,7093.0,7115.0,7122.0,6773.0,6731.0,7013.0,7223.0,7542.0,7928.0,7977.0,8220.0,8469.0,8581.0,8636.0,8761.0,8605.0,8573.0,8366.0
12,13,93,52858.0,51525,51755,51690,52633,53814,54789,54680,52224,52637,52965,53317,53406,54032,55114,54063,52248,51888,51200,50911,50176,48602,47143,146036.0,144468,143122,141259,140519,139673,138798,138027,138145,137854,137719,129684,128243,126830,124918,122442,120640,109994,116508,115099,114050,112504,111240,88454.0,87372.0,87268.0,84965.0,84762.0,82940.0,82644.0,83415.0,80824.0,81374.0,84864.0,86464.0,88915.0,91441.0,92977.0,93736.0,93869.0,92042.0,89634.0,89370.0,87384.0,85944.0,83172.0
13,14,25,9749.0,9991,10120,10047,10186,10356,10899,10965,10411,10272,10618,10667,10813,11146,11411,11676,11566,11321,11161,10743,10566,10065,9779,49367.0,49459,49547,49423,49403,49193,49223,49210,49259,49361,49415,46390,45829,45752,45685,45789,45927,43184,45490,45513,45200,44971,44959,33267.0,33830.0,33575.0,33100.0,32995.0,32396.0,32613.0,32778.0,31703.0,31624.0,33480.0,33929.0,35148.0,36225.0,36687.0,37442.0,38523.0,38767.0,38668.0,38819.0,37608.0,36803.0,35487.0
14,15,83,1859.0,1885,1895,1907,1931,1999,2076,2079,1954,2005,2114,2104,2167,2319,2343,2477,2469,2487,2491,2469,2465,2499,2544,7575.0,7581,7624,7605,7596,7610,7610,7496,7481,7494,7427,6927,6817,6789,6828,6836,6917,6525,6936,6992,7000,7010,7061,4743.0,4792.0,4751.0,4810.0,4845.0,4799.0,4740.0,4721.0,4499.0,4543.0,4820.0,4872.0,5134.0,5402.0,5610.0,5777.0,5865.0,5891.0,5966.0,5850.0,5942.0,5867.0,5837.0
15,16,54,7474.0,7461,7399,7396,7409,7339,7351,7186,6670,6603,6692,6706,6783,6958,7007,6624,6499,6499,6128,6064,5919,5656,5230,21362.0,21533,21592,21414,21361,21398,21360,21310,21261,21193,21141,19772,19600,19500,19621,19491,19550,18516,19325,19350,19233,19158,19097,12757.0,12788.0,12858.0,12773.0,12557.0,12215.0,12196.0,12258.0,11846.0,11875.0,12536.0,12906.0,13460.0,13826.0,14085.0,13977.0,14526.0,15000.0,15006.0,15149.0,14880.0,14839.0,14603.0
16,17,54,13886.0,13998,14195,14010,14173,14307,14543,14268,13222,13099,13103,12982,12820,13162,13362,13513,13096,12751,12278,11921,11739,11133,10545,39275.0,39291,39116,38550,38152,38018,37747,37365,37212,36788,36464,33466,32753,32274,32060,31665,31361,29308,30565,30320,29991,29770,29592,18467.0,18237.0,17972.0,17160.0,16757.0,16587.0,16685.0,16657.0,15955.0,16012.0,16822.0,17290.0,17942.0,18833.0,19473.0,20147.0,20712.0,21076.0,21430.0,21674.0,21890.0,21873.0,21513.0
17,18,24,5588.0,5544,5466,5498,5460,5282,5317,5246,4894,4960,5057,4950,4962,5013,4961,4954,4780,4538,4391,4180,4098,3913,3636,19568.0,19663,19529,19351,19472,19618,19590,19713,19734,19755,19948,18425,18246,18150,18258,18280,18267,17205,17944,17824,17675,17643,17649,13145.0,13409.0,13384.0,13125.0,12972.0,12749.0,13008.0,13028.0,12572.0,12414.0,13018.0,13280.0,13560.0,14041.0,14481.0,15034.0,15528.0,15808.0,16063.0,16208.0,16337.0,16323.0,16401.0
18,19,74,4114.0,4125,4126,4134,4167,4183,4251,4327,4054,3879,3993,3996,4078,4173,4257,4323,4071,4172,4025,4078,4048,4026,3969,13936.0,13851,13737,13571,13457,13382,13256,13224,13173,13020,12847,11730,11439,11284,11137,11119,11112,10416,10999,11009,11040,11041,11078,6186.0,6279.0,6350.0,6248.0,6095.0,5989.0,5991.0,6040.0,5721.0,5706.0,5880.0,5957.0,6283.0,6572.0,6673.0,6996.0,7173.0,7425.0,7304.0,7504.0,7449.0,7533.0,7513.0
19,21,26,7002.0,6983,7068,7179,7280,7310,7627,7870,7414,7378,7604,7500,7583,7743,7778,7866,7638,7676,7526,7226,6732,6676,6534,34867.0,34591,34464,34242,34128,34057,34158,34309,34402,34558,34837,31988,31545,31299,31348,31308,31318,29275,31074,31012,30700,30478,30126,20699.0,20963.0,21070.0,20304.0,20017.0,19420.0,19535.0,19841.0,19064.0,18969.0,19657.0,19838.0,20315.0,21093.0,21299.0,21713.0,22318.0,23423.0,23270.0,23491.0,22252.0,22321.0,21872.0
20,22,53,10273.0,10489,10507,10405,10432,10307,10456,10305,9374,9041,9177,8965,8878,8949,8990,8895,8829,8556,8354,8216,8304,7998,7900,40423.0,40279,40168,39749,39464,39195,38918,38615,38306,37809,37347,34797,33960,33585,33328,33066,32854,30595,32534,32851,32674,32657,32598,17939.0,18246.0,18209.0,17960.0,17751.0,17987.0,18414.0,18459.0,17633.0,17546.0,17987.0,18092.0,18746.0,19495.0,20085.0,20579.0,21153.0,21614.0,21530.0,21685.0,21404.0,20974.0,20531.0
21,23,74,1851.0,1912,1907,1877,1873,1864,1836,1860,1775,1722,1798,1829,1838,1905,1828,1814,1758,1669,1648,1563,1477,1415,1401,5738.0,5763,5768,5782,5830,5864,5868,5886,5956,5924,5916,5511,5399,5309,5282,5230,5197,4879,5175,5142,5093,5052,5041,3677.0,3820.0,3856.0,3765.0,3821.0,3797.0,3899.0,3815.0,3676.0,3666.0,3723.0,3728.0,3958.0,4155.0,4215.0,4402.0,4579.0,4691.0,4695.0,4671.0,4654.0,4438.0,4390.0
22,24,72,9009.0,9151,8931,8786,8744,8614,8634,8484,7888,7608,7727,7589,7664,7893,8040,8053,7972,7802,7483,7280,7100,6818,6611,22571.0,22699,22619,22464,22381,22423,22286,22214,22020,21818,21783,20314,19900,19646,19450,19149,19086,18107,18686,18625,18399,18295,18177,10003.0,10112.0,10084.0,10074.0,9886.0,9641.0,9651.0,9746.0,9419.0,9367.0,9809.0,10214.0,10793.0,11266.0,11560.0,11797.0,12261.0,12579.0,12599.0,12793.0,12674.0,12773.0,12741.0
23,25,43,8064.0,8032,8054,8316,8540,8477,8740,8689,7928,7535,7431,7100,7048,7152,7203,7257,7141,6803,6611,6582,6571,6410,6288,37245.0,37227,37121,36719,36723,36773,36408,36204,36075,36012,36042,33360,33017,32939,31784,31803,32096,30525,32125,32006,31903,31801,31673,25098.0,25155.0,25209.0,24872.0,24979.0,24493.0,24470.0,24679.0,23778.0,23744.0,24373.0,24422.0,24820.0,25354.0,26237.0,27206.0,27964.0,28341.0,28802.0,29072.0,28581.0,28357.0,27392.0
24,26,82,11145.0,11188,11253,10919,10948,10866,10965,11023,10288,10215,10093,9871,9773,9828,9800,9846,9693,9457,9290,9175,9159,8672,8521,37596.0,37523,37174,36491,36093,35734,35442,35469,35266,34949,34546,32503,31842,31357,30898,30501,30332,28476,29559,29254,28753,28254,27911,20284.0,20414.0,20171.0,20051.0,19786.0,19576.0,19645.0,20094.0,19306.0,19463.0,20199.0,20439.0,20872.0,21490.0,22278.0,22656.0,23136.0,23587.0,23920.0,24142.0,23734.0,23446.0,22848.0
25,27,23,8973.0,9156,9313,9204,9086,9086,9354,9114,8444,8346,8678,8516,8480,8596,8696,8741,8609,8532,8170,7737,7285,6840,6708,48095.0,47944,47883,47582,47068,46820,46454,45909,45646,45429,45219,42454,41924,41408,41384,41362,41594,39108,40968,40792,40487,40414,40220,24743.0,24883.0,25277.0,25345.0,24841.0,24307.0,24140.0,23996.0,22838.0,22733.0,23495.0,23559.0,23778.0,24374.0,24769.0,25812.0,26588.0,27031.0,26941.0,27135.0,26245.0,25668.0,25117.0
26,28,24,6751.0,6772,6670,6441,6410,6429,6489,6463,6003,5852,5951,5795,5651,5779,5681,5685,5643,5526,5316,5183,4912,5254,5364,34033.0,33919,33806,33535,33545,33415,33118,32931,32929,32741,32675,30771,30344,30182,30117,30195,30279,28488,29911,30028,29910,29738,29608,15433.0,15776.0,15562.0,15401.0,15181.0,15152.0,15046.0,15107.0,14375.0,14163.0,14861.0,15101.0,15284.0,15819.0,16080.0,16833.0,17808.0,18317.0,18826.0,19135.0,19001.0,17973.0,16795.0
27,29,53,13340.0,13364,13283,13360,13248,13677,13973,13872,12680,12542,12716,12543,12586,12751,13008,13179,13068,12705,12458,12450,12250,11332,11005,63455.0,63129,63071,62762,62569,62398,62321,62121,61898,61509,61040,54454,53373,52836,52519,52078,51992,48361,51090,51056,50523,50150,49991,33517.0,33995.0,33866.0,33591.0,33381.0,32996.0,32626.0,32227.0,30506.0,30129.0,31270.0,31937.0,33015.0,34450.0,35055.0,35715.0,36441.0,36919.0,37149.0,37367.0,37101.0,36572.0,35730.0
28,2A,94,3119.0,3168,3171,3150,3142,3328,3324,3385,3202,3171,3332,3330,3566,3729,3880,3984,4142,4273,4280,4205,4043,3928,3681,7617.0,7579,7520,7464,7410,7520,7543,7557,7638,7611,7640,6975,6880,6945,6881,6752,6730,6252,6640,6630,6495,6469,6342,3247.0,3255.0,3261.0,3272.0,3276.0,3330.0,3375.0,3356.0,3271.0,3399.0,3619.0,3648.0,3813.0,3985.0,4077.0,4223.0,4420.0,4476.0,4567.0,4650.0,4500.0,4489.0,4501.0
29,2B,94,4295.0,4298,4338,4210,4211,4246,4341,4292,4186,4156,4179,4142,4017,4079,4139,4203,4164,4209,4275,4179,3892,3799,3633,8338.0,8389,8422,8283,8178,8162,8054,8072,8014,7995,7942,7187,7043,6886,6844,6862,6833,6318,6766,6762,6627,6590,6494,5221.0,5310.0,5313.0,5235.0,5048.0,5080.0,5030.0,5157.0,5114.0,5179.0,5337.0,5389.0,5407.0,5535.0,5488.0,5549.0,5763.0,5748.0,5897.0,5993.0,5627.0,5818.0,5472.0
30,30,91,22493.0,22762,22721,22201,22171,22191,22168,21465,20271,19555,19380,18486,18342,18507,18416,18226,17579,16898,16424,16177,16012,15276,14905,51321.0,51269,50889,50227,49935,49555,49358,48643,48317,47654,47352,44151,43395,42634,41861,41014,40429,37120,38586,37448,36829,36196,35348,28330.0,28460.0,28172.0,27628.0,27320.0,26679.0,26279.0,26537.0,25856.0,26036.0,27358.0,28004.0,28765.0,29622.0,30245.0,30563.0,30868.0,30768.0,30730.0,30760.0,29988.0,29594.0,29184.0
31,31,73,23305.0,23261,22880,22642,22812,22968,23467,22999,21537,21304,21810,21055,21206,21291,21601,21487,20703,20657,19826,19796,19257,18152,17645,93965.0,92529,90769,88833,87471,85840,85076,83918,82856,81795,80463,73298,71674,70027,68808,66706,64949,57922,61450,60105,58726,57182,56177,57947.0,56777.0,55757.0,53870.0,52071.0,48825.0,47565.0,46360.0,43659.0,42958.0,44368.0,44506.0,45745.0,47034.0,47671.0,48516.0,48589.0,50064.0,49555.0,49750.0,47927.0,45719.0,44334.0
32,32,73,3428.0,3551,3524,3448,3442,3433,3476,3397,3065,3016,3010,2907,2958,2991,2964,2969,2915,2795,2677,2663,2690,2626,2539,10884.0,10957,10964,10811,10701,10696,10628,10477,10331,10141,10004,9047,8732,8513,8340,8077,7973,7343,7660,7499,7396,7256,7039,4311.0,4413.0,4385.0,4285.0,4222.0,4128.0,4112.0,4097.0,3861.0,3675.0,3750.0,3888.0,4056.0,4283.0,4387.0,4497.0,4698.0,4775.0,4810.0,4900.0,4866.0,4783.0,4790.0
33,33,72,26769.0,26786,26909,26754,27012,27078,27329,26991,25118,24798,25159,24708,24441,24734,24778,24718,23844,23773,23096,23142,23424,22319,21776,105225.0,103651,101734,99781,98361,96708,94822,93703,92399,91647,90356,82331,80756,79623,78138,76624,75729,69241,73335,72738,72261,71257,71143,59650.0,59017.0,57751.0,55345.0,53763.0,51766.0,51043.0,50963.0,47940.0,47965.0,50399.0,51710.0,53648.0,55634.0,56417.0,58079.0,58921.0,60078.0,60486.0,61393.0,61195.0,59362.0,58239.0
34,34,91,32446.0,32814,32491,31827,31684,31841,31940,31956,30178,29862,30009,29725,29503,29434,29366,28876,27935,27345,26495,25269,25343,24429,23383,74997.0,74097,73173,72036,71196,70165,69356,68746,68303,67585,67130,62705,61569,60493,59268,57530,56313,50471,53642,52535,51477,50193,49092,44543.0,44002.0,42685.0,41376.0,40586.0,39942.0,39591.0,39300.0,37346.0,37232.0,38561.0,39648.0,40743.0,41867.0,42475.0,42908.0,43195.0,43365.0,43039.0,42017.0,41186.0,40524.0,39164.0
35,35,53,13243.0,13025,12944,12721,12542,12422,12602,12163,10882,10295,10565,10293,10205,10277,10613,10747,10629,10730,10622,10760,10871,10581,10799,81877.0,81055,79750,78754,77628,76366,75258,74157,73133,71983,71118,65178,63491,62277,61486,60541,59817,55118,58212,57738,57225,56684,56539,46564.0,46399.0,45635.0,44486.0,42831.0,41449.0,41305.0,40713.0,37904.0,37208.0,38179.0,38875.0,39997.0,41108.0,42170.0,43350.0,44222.0,44664.0,43980.0,44087.0,42956.0,41316.0,39990.0
36,36,24,3570.0,3576,3674,3540,3633,3560,3576,3625,3320,3246,3370,3378,3385,3509,3511,3410,3326,3230,3030,3022,2860,2649,2561,13174.0,13314,13364,13410,13582,13597,13732,13797,13827,13798,13784,12821,12630,12639,12565,12454,12476,11792,12272,12197,12168,12130,12127,10077.0,10113.0,10193.0,10287.0,10402.0,10439.0,10573.0,10658.0,10031.0,9897.0,10176.0,10281.0,10414.0,10920.0,11100.0,11246.0,11963.0,12034.0,12040.0,12128.0,12183.0,12024.0,11678.0
37,37,24,7178.0,7316,7229,7222,7313,7286,7555,7479,6883,6908,6990,7073,7117,7349,7445,7371,7169,7085,6763,6621,6601,6262,6014,42473.0,41779,41239,40594,40289,40062,39911,39781,39750,39902,39754,36835,36303,35757,35485,35100,34743,32303,34117,34072,33705,33318,32884,29661.0,29744.0,29464.0,28787.0,27735.0,26958.0,26901.0,27053.0,25601.0,25318.0,25948.0,26178.0,26609.0,27405.0,28124.0,28659.0,29473.0,30064.0,30080.0,30399.0,29865.0,28741.0,27677.0
38,38,82,16997.0,17161,16810,16465,16602,16505,16859,16846,15408,15040,15284,15086,14937,15384,15770,16220,16307,16056,16071,16251,16468,16491,15834,102530.0,102338,101419,99898,99166,98235,97400,96509,95692,94830,93973,88338,86572,85178,84379,83079,82571,76423,80276,79696,78404,77684,76831,56959.0,57479.0,56631.0,54995.0,55146.0,53584.0,53949.0,54576.0,51981.0,51574.0,53975.0,54253.0,55373.0,56656.0,57491.0,57972.0,59685.0,60027.0,59240.0,60491.0,58730.0,56454.0,52748.0
39,39,43,4034.0,4199,4267,4277,4360,4357,4550,4480,4172,4012,4084,3938,3723,3750,3695,3687,3646,3423,3350,3279,3322,3246,3211,17597.0,17807,17899,17885,18004,18234,18346,18382,18433,18429,18507,17349,17225,17098,17168,16930,16703,15768,16538,16412,16301,16086,16075,9432.0,9848.0,9858.0,9733.0,9817.0,9654.0,9906.0,9957.0,9434.0,9402.0,9862.0,9933.0,10198.0,10513.0,10689.0,11035.0,11444.0,11736.0,11605.0,11805.0,11683.0,11544.0,11233.0
40,40,72,7930.0,7914,7855,7688,7690,7642,7778,7503,6825,6763,6587,6365,6299,6392,6550,6541,6423,6212,6027,6004,5955,5537,5327,23882.0,23865,23679,23531,23275,22882,22644,22400,21978,21493,21130,18774,18083,17702,17450,17061,16650,15298,15842,15655,15402,15053,14948,8512.0,8629.0,8499.0,8326.0,8293.0,7951.0,7771.0,7873.0,7350.0,7197.0,7579.0,7780.0,8017.0,8506.0,8699.0,8976.0,9093.0,9185.0,9229.0,9476.0,9304.0,9058.0,8961.0
41,41,24,4836.0,4885,4839,4752,4658,4720,4813,4717,4215,4071,4055,3901,3780,3839,3851,3792,3720,3646,3455,3252,3326,3134,2934,23036.0,23046,22950,22720,22627,22608,22532,22417,22190,22020,21822,20601,20229,20070,20024,19927,19856,18679,19622,19474,19325,19081,19017,12519.0,12693.0,12547.0,12338.0,12108.0,12036.0,12208.0,12054.0,11479.0,11398.0,11750.0,11947.0,12117.0,12475.0,12870.0,13206.0,13647.0,13994.0,14244.0,14091.0,13805.0,13665.0,13164.0
42,42,82,15078.0,14957,14906,14900,14801,15096,15402,15542,14547,14499,14533,14438,14195,14574,14604,14643,14386,14251,13872,13946,13949,13789,13784,57446.0,57231,56734,56173,55915,55674,55350,55184,54939,54707,54634,52097,51427,51377,51485,51474,51961,49432,51981,52328,52306,52213,52292,38773.0,39476.0,39592.0,38974.0,38483.0,37877.0,38275.0,38468.0,36753.0,37130.0,38391.0,38961.0,40113.0,41606.0,42479.0,43561.0,44042.0,44806.0,45668.0,46683.0,46247.0,45351.0,44407.0
43,43,83,4414.0,4368,4350,4371,4351,4369,4480,4507,4152,4093,4137,4188,4213,4229,4320,4318,4083,3932,3882,3735,3708,3474,3390,15769.0,15842,15848,15807,15716,15602,15605,15565,15388,15200,15063,14101,13828,13655,13464,13373,13135,12415,12850,12627,12499,12325,12251,6818.0,7132.0,7334.0,7405.0,7492.0,7369.0,7451.0,7551.0,7284.0,7092.0,7343.0,7347.0,7628.0,8062.0,8126.0,8189.0,8336.0,8685.0,8729.0,8949.0,8884.0,8797.0,8725.0
44,44,52,18483.0,18518,18480,18514,18552,18383,18769,18475,16970,16441,16547,16059,15954,16650,16914,17127,16950,16671,16029,16363,16518,16215,16067,110310.0,108686,106751,104629,103687,102490,101360,99988,98530,97403,96396,90230,88155,86907,85862,84436,83578,77357,81982,81652,81169,80937,80829,58624.0,57825.0,56936.0,55199.0,54031.0,52462.0,52172.0,51747.0,49029.0,48973.0,51470.0,52068.0,53186.0,56117.0,58179.0,59884.0,61066.0,62023.0,61739.0,62421.0,61849.0,60536.0,59708.0
45,45,24,10586.0,10631,10425,10217,10038,9910,9873,9627,8756,8424,8351,7994,7755,7728,7747,7708,7663,7463,7315,7211,7279,7121,6810,51523.0,51180,50619,49813,49379,49139,48761,48144,47975,47727,47444,43915,42995,42580,42324,42070,42055,39235,41431,40824,40757,40421,40179,29222.0,29363.0,29200.0,28565.0,28103.0,27203.0,27027.0,27241.0,25759.0,25278.0,26163.0,26260.0,26583.0,27466.0,28005.0,28975.0,30005.0,30593.0,30728.0,30341.0,29867.0,29369.0,28741.0
46,46,73,3129.0,3198,3183,3184,3197,3162,3175,3179,2962,2906,2963,2915,2859,2879,2900,2915,2891,2825,2748,2680,2595,2525,2451,9321.0,9437,9419,9431,9525,9542,9602,9644,9567,9622,9574,8673,8480,8417,8283,8134,8041,7421,7749,7582,7454,7392,7342,4671.0,4672.0,4682.0,4641.0,4670.0,4589.0,4613.0,4554.0,4318.0,4323.0,4558.0,4624.0,4731.0,4976.0,5040.0,5209.0,5282.0,5308.0,5313.0,5278.0,5161.0,5154.0,4946.0
47,47,72,8621.0,8693,8696,8643,8423,8495,8473,8358,7902,7699,7806,7778,7730,7948,8102,8023,7771,7702,7483,7272,7080,6911,6781,19646.0,19751,19622,19337,19198,19072,18987,18803,18806,18582,18550,17271,16976,16909,16849,16587,16581,15587,16265,16241,16164,16105,15886,7953.0,8060.0,8087.0,7884.0,7786.0,7703.0,7841.0,7797.0,7386.0,7436.0,7777.0,7960.0,8418.0,8912.0,9184.0,9390.0,9716.0,10079.0,10187.0,10468.0,10410.0,10274.0,10275.0
48,48,91,1150.0,1148,1179,1168,1187,1145,1156,1146,1064,1041,1094,1081,1070,1112,1115,1155,1123,1148,1161,1100,1074,1042,1021,4456.0,4438,4429,4393,4375,4406,4442,4395,4352,4299,4274,3900,3783,3685,3645,3619,3603,3261,3546,3502,3472,3384,3365,2391.0,2396.0,2389.0,2340.0,2261.0,2252.0,2179.0,2202.0,2055.0,2012.0,2009.0,1910.0,1949.0,2017.0,1972.0,1973.0,1926.0,1884.0,1851.0,1854.0,1890.0,1755.0,1745.0
49,49,52,10225.0,10209,10115,10304,10471,10303,10462,10331,9281,8980,9078,8814,8876,9119,9172,9137,9218,9100,9021,9095,9254,9159,9125,63044.0,62833,62007,61469,60845,60217,59539,58892,58380,57902,57369,54688,54028,53599,53538,53329,53561,50824,53241,53380,53363,53318,53317,38798.0,39533.0,39373.0,38391.0,37650.0,36842.0,37570.0,37188.0,35125.0,35138.0,36470.0,37495.0,38853.0,40667.0,42187.0,43040.0,44432.0,44908.0,45074.0,45984.0,45708.0,45156.0,44135.0
50,50,25,7533.0,7609,7806,7779,7876,7955,8096,8171,7664,7489,7674,7750,8003,8138,8049,8207,7998,7766,7450,7240,7127,6790,6551,33336.0,33209,33355,33308,33398,33494,33752,33833,34107,34095,34278,31797,31563,31556,31644,31849,31951,30451,31880,31897,31673,31491,31167,20992.0,21525.0,21640.0,21356.0,20840.0,20726.0,21256.0,21206.0,20545.0,20523.0,21428.0,21832.0,22592.0,23422.0,24018.0,24819.0,25162.0,25526.0,25693.0,26151.0,25433.0,25221.0,25027.0
51,51,21,6587.0,6636,6547,6549,6554,6519,6684,6642,6147,6043,6036,5863,5954,6049,6092,6234,6065,6003,5823,5487,5372,5123,5008,37731.0,37694,37316,37095,36947,36868,36829,36754,36793,36917,37213,34411,34372,34518,34800,34980,35244,33056,35052,35106,34740,34708,34705,34672.0,34971.0,34273.0,33362.0,32981.0,31964.0,32495.0,32491.0,30865.0,30672.0,31721.0,31392.0,32293.0,33141.0,33764.0,34799.0,35688.0,36038.0,35912.0,36784.0,35677.0,35316.0,33771.0
52,52,21,3080.0,3135,3208,3157,3202,3166,3297,3234,2987,2950,2904,2823,2852,2941,2817,2771,2696,2570,2339,2296,2261,2081,2007,11239.0,11328,11343,11376,11626,11782,11938,12114,12389,12631,12818,12089,12119,12209,12275,12407,12671,12187,12769,12822,12801,12751,12772,8372.0,8545.0,8599.0,8623.0,8614.0,8732.0,8968.0,9040.0,8731.0,8707.0,8947.0,9119.0,9478.0,9805.0,10059.0,10360.0,10773.0,11080.0,11297.0,11626.0,11575.0,11581.0,11482.0
53,53,52,4085.0,4192,4192,4161,4110,4200,4171,4134,3723,3542,3462,3327,3390,3438,3430,3504,3509,3468,3453,3412,3510,3500,3441,23058.0,23219,23175,22962,22802,22837,22733,22350,22141,22033,21869,20800,20468,20270,20067,19890,19796,18788,19706,19747,19614,19500,19513,10622.0,10903.0,11106.0,11072.0,11311.0,11111.0,11290.0,11162.0,10608.0,10604.0,11090.0,11324.0,11588.0,11924.0,12075.0,12607.0,13133.0,13600.0,13741.0,13979.0,13959.0,13678.0,13388.0
54,54,41,13099.0,13231,13379,13390,13469,13816,14387,14671,13649,13414,13869,13729,13578,13909,13996,13814,13699,13707,13322,13207,13114,12690,12247,46816.0,46590,46357,45805,45821,46250,46443,46463,47165,47501,47868,44818,44341,44545,44980,45189,45735,43461,46025,46330,46212,46087,46125,34935.0,35201.0,34901.0,34195.0,34157.0,33660.0,33513.0,34037.0,32978.0,33037.0,34164.0,34576.0,35619.0,36851.0,37561.0,38470.0,39708.0,40466.0,40395.0,41446.0,41817.0,41983.0,41274.0
55,55,41,4070.0,4238,4348,4526,4583,4587,4673,4592,4321,4241,4200,4173,4205,4243,4159,4086,3992,3783,3584,3342,3169,2946,2704,12021.0,12173,12295,12376,12406,12537,12677,12759,12924,12872,12960,12006,11861,11856,11878,11998,12082,11575,12123,12206,12257,12200,12274,5963.0,6090.0,6141.0,6120.0,6131.0,6205.0,6469.0,6471.0,6241.0,6259.0,6455.0,6580.0,6945.0,7172.0,7286.0,7599.0,7852.0,8031.0,8243.0,8216.0,8310.0,8461.0,8457.0
56,56,53,11589.0,11595,11678,11529,11459,11375,11557,11263,10369,9837,9994,9708,9693,9805,9806,9936,9971,9887,9814,9636,9571,8965,8654,52489.0,52135,51759,51150,50657,50223,49853,49492,49159,48706,48356,44789,43861,43443,43055,42654,42555,39772,42222,41653,41518,41271,40975,25978.0,26324.0,26068.0,25388.0,24928.0,24371.0,24403.0,24388.0,23350.0,23361.0,24205.0,24822.0,26018.0,27131.0,27778.0,28271.0,29101.0,29724.0,30090.0,29566.0,29143.0,28866.0,28189.0
57,57,41,19859.0,19942,20031,19883,20054,20393,20802,20769,19634,19535,18893,18690,18463,18681,19014,19047,18534,18467,17629,17480,17440,17398,17016,61475.0,61500,61540,60630,60938,61486,62102,62711,63708,64697,65683,61983,62320,62694,63329,63966,65027,62274,65804,66044,60059,59762,59343,44855.0,45082.0,44836.0,44009.0,43381.0,42527.0,42579.0,42804.0,41443.0,41561.0,42195.0,43398.0,44199.0,45779.0,47392.0,49277.0,51069.0,52209.0,51848.0,52796.0,52026.0,51679.0,50488.0
58,58,26,4001.0,4105,4070,4040,4005,4072,4126,4071,3919,3954,4030,3944,3961,3934,3888,3873,3835,3671,3472,3328,3303,3290,3127,11521.0,11572,11667,11639,11812,11900,12061,12192,12313,12379,12480,11827,11742,11715,11696,11730,11842,11254,11821,11809,11850,11907,11950,7877.0,8272.0,8238.0,8140.0,8033.0,7944.0,8052.0,8159.0,7795.0,7782.0,8071.0,8151.0,8513.0,8687.0,8937.0,9288.0,9420.0,9646.0,9797.0,9974.0,9822.0,9793.0,9443.0
59,59,31,55295.0,59847,60441,60866,61428,61440,63249,64231,61251,60815,61501,60703,60476,61162,61306,61117,59671,57885,55227,53326,51781,48964,46237,205467.0,204958,203512,202607,201699,201244,200846,201096,201859,202960,204387,196140,195521,195655,196818,197955,199826,189597,199391,198695,198202,197363,196784,163472.0,158773.0,156461.0,153615.0,152247.0,148992.0,150001.0,149798.0,144217.0,143854.0,148052.0,148741.0,151770.0,155637.0,158491.0,162204.0,166188.0,168352.0,170341.0,172589.0,170977.0,169332.0,167146.0
60,60,22,12518.0,12752,12562,12615,12513,12345,12269,11968,11130,10791,10852,10522,10411,10493,10339,10295,10208,9991,9597,9172,8883,8330,7844,66187.0,65794,65009,64692,64458,64043,63733,63654,63750,63759,63784,60362,59899,59822,59923,59689,59728,55678,58917,58766,58614,58359,58198,36769.0,37064.0,36920.0,36264.0,35403.0,34834.0,35167.0,35482.0,33428.0,33444.0,34413.0,34456.0,34994.0,35718.0,36389.0,36987.0,38039.0,38684.0,38723.0,38817.0,38135.0,37127.0,36556.0
61,61,25,4734.0,4832,4855,4960,4908,4796,5002,4857,4485,4475,4555,4594,4658,4775,4814,4777,4585,4796,4786,4836,4778,4852,4731,18550.0,18913,19123,19254,19302,19357,19398,19472,19564,19671,19724,19011,18928,18930,19208,19427,19582,18714,19551,19760,19602,19629,19687,13145.0,13367.0,13418.0,13411.0,13391.0,13176.0,13259.0,13258.0,12842.0,12965.0,13136.0,13201.0,13447.0,13944.0,14116.0,14469.0,14654.0,14569.0,14401.0,14613.0,14399.0,13528.0,13183.0
62,62,31,31552.0,40847,40815,40420,40023,39642,40374,40018,37676,36961,37121,36428,36145,36803,36527,36223,34743,33655,31937,31014,29829,28373,27158,115919.0,115677,114982,114413,113891,113410,113096,112963,112994,113449,114190,109328,109147,109492,110338,110899,111697,107196,110853,109029,108573,107997,107992,93242.0,78326.0,77647.0,76660.0,77310.0,76745.0,77528.0,77446.0,74539.0,74334.0,77057.0,77668.0,79209.0,81660.0,83686.0,85343.0,86859.0,88968.0,88901.0,91004.0,90005.0,89475.0,88070.0
63,63,83,9821.0,9883,9935,9931,10049,10203,10709,10862,10089,9966,10101,9833,10004,10170,10331,10349,10160,10218,10063,10068,10031,9718,9706,42318.0,41965,41438,40921,40347,40081,39748,39681,39445,39333,39188,36032,35488,35144,34974,34935,34990,32945,34695,34640,34559,34563,33952,25738.0,26000.0,25776.0,25071.0,24630.0,23547.0,23407.0,23105.0,21951.0,21850.0,22572.0,22513.0,22858.0,23601.0,23815.0,24142.0,24385.0,25341.0,25552.0,25859.0,25527.0,25158.0,24873.0
64,64B,72,5180.0,5345,5390,5308,5298,5194,5357,5417,5153,5197,5241,5304,5384,5528,5568,5566,5293,5280,5143,5166,5132,4931,4831,19331.0,19160,19326,19139,18896,18756,18653,18558,18471,18405,18302,17306,17027,16866,16710,16451,16199,14778,15596,15357,15200,15002,14837,,,,,,,,,,,,,,,,,,,,,,,
65,65,73,4353.0,4317,4280,4214,4265,4374,4572,4442,4155,4072,4119,4044,4057,4062,4046,4080,4059,4010,4050,3938,3923,3878,3700,13812.0,13818,13778,13696,13608,13762,13847,13841,13856,13798,13664,12633,12417,12349,12302,12228,12245,11410,11919,11832,11807,11635,11587,8634.0,8943.0,8984.0,8831.0,8698.0,8587.0,8681.0,8702.0,8324.0,8284.0,8588.0,8853.0,9210.0,9496.0,9741.0,9877.0,10232.0,10358.0,10376.0,10395.0,10190.0,10077.0,9660.0
66,66,91,15899.0,15912,15837,15590,15518,15552,15505,15187,14271,13986,14043,13772,13653,13559,13479,13364,13030,12655,12103,11815,11527,11135,10829,29738.0,29492,29222,28786,28564,28266,27958,27760,27493,27117,26870,25178,24879,24311,23728,23180,22763,21127,21599,21360,21006,20672,20222,16630.0,16251.0,15629.0,15104.0,14795.0,14225.0,14106.0,14222.0,13685.0,13681.0,14350.0,14549.0,15209.0,15805.0,16030.0,16206.0,16421.0,16601.0,16468.0,16390.0,15963.0,15993.0,15673.0
67,67,42,19651.0,20113,20319,20380,20590,20472,20714,20677,19061,18447,18603,18040,17187,17230,16879,16739,16465,15461,14930,14990,15135,15570,15724,76043.0,76007,75581,75069,74885,74914,74958,74809,74846,74901,74581,69374,68169,67552,66776,66161,65532,59544,63331,62732,61829,60844,60052,42352.0,42232.0,41297.0,40022.0,38612.0,37294.0,36940.0,36679.0,34932.0,34557.0,35181.0,35085.0,35011.0,35185.0,35287.0,35614.0,36140.0,36104.0,35203.0,35108.0,34662.0,33579.0,32235.0
68,68,42,13932.0,14362,14474,14663,14899,15092,15431,15385,14067,13489,13413,12738,12470,12376,12814,12818,12617,12329,11965,11878,11651,11176,11166,49912.0,50183,50005,49642,49701,49694,49671,49804,49851,49938,49860,47208,46640,46279,46377,46241,42615,39977,42292,42130,40808,40057,39666,28333.0,28188.0,27695.0,26839.0,25997.0,25196.0,24831.0,24522.0,23114.0,22380.0,22828.0,22495.0,22678.0,22821.0,23273.0,23632.0,24337.0,24299.0,23723.0,23391.0,22959.0,22095.0,20734.0
69,69,82,25550.0,25664,25084,24699,24648,24550,25091,25194,23600,24037,24335,24027,23755,24236,24775,25034,25109,25178,24999,25634,26116,26092,26036,143507.0,141553,138882,136257,134318,132795,131059,129428,128366,127441,126375,119616,117205,115953,115045,113789,112822,102522,110726,110004,108701,107688,106529,101022.0,99997.0,97966.0,95852.0,93713.0,90990.0,90029.0,89156.0,84336.0,84464.0,86268.0,86363.0,86859.0,88144.0,88521.0,88510.0,88233.0,87848.0,85813.0,85242.0,82487.0,78933.0,72478.0
70,70,43,5268.0,5276,5264,5334,5395,5396,5550,5475,5077,4952,4888,4722,4705,4699,4692,4608,4459,4386,4113,3978,3802,3539,3414,16741.0,16925,16966,17046,17172,17231,17174,17054,17034,17115,16965,15607,15357,15282,15205,15227,15302,14590,15050,15033,15013,14940,15012,7725.0,7913.0,7904.0,7982.0,8000.0,7871.0,8062.0,8058.0,7734.0,7697.0,7892.0,8113.0,8442.0,8846.0,9252.0,9747.0,10164.0,10556.0,10640.0,10841.0,10794.0,10938.0,10833.0
71,71,26,8109.0,8207,8266,8292,8339,8425,8602,8626,7852,7706,7906,7817,8012,8271,8431,8364,8285,8435,8186,8273,8137,7904,7692,36101.0,36231,36155,36188,36072,36110,36268,36362,36369,36300,36420,34338,34052,34098,34270,34339,34709,33123,34860,35123,35360,35143,35357,23887.0,24568.0,24711.0,24398.0,24182.0,23872.0,24098.0,24484.0,23318.0,23115.0,23876.0,24132.0,24815.0,25842.0,25992.0,26702.0,27353.0,28066.0,28395.0,29099.0,29234.0,28710.0,27748.0
72,72,52,9643.0,9758,9693,9775,9559,9369,9587,9348,8542,8153,8237,7893,7858,7935,7903,7974,8233,7969,7876,7902,7951,7675,7290,42703.0,42894,42852,42682,42562,42376,42124,41491,41231,41143,40708,38599,37953,37432,37269,37067,37127,35199,36778,36642,36369,36269,36053,24323.0,24492.0,24478.0,24247.0,23721.0,23142.0,23262.0,23086.0,21875.0,21606.0,22355.0,22524.0,23343.0,23895.0,24405.0,24981.0,26090.0,26753.0,26918.0,27683.0,27704.0,27553.0,27144.0
73,73,82,4695.0,4759,4749,4810,4874,4916,5031,5090,4599,4439,4583,4473,4552,4689,4871,5004,4999,4914,4848,4798,4849,4625,4488,30880.0,30875,30478,30059,30062,30049,29891,29851,29779,29608,29377,27677,27212,26875,26673,26299,25969,24083,25223,24965,24617,24396,24180,18117.0,18071.0,17935.0,17666.0,17689.0,17262.0,17319.0,17440.0,16504.0,16160.0,16967.0,17027.0,17688.0,17924.0,18433.0,18626.0,19083.0,19375.0,19120.0,18980.0,18261.0,17698.0,16333.0
74,74,82,7149.0,7270,7474,7759,8011,8160,8466,8488,7844,7548,7905,7815,7997,8200,8612,8955,8995,8813,8799,8615,8593,8566,8561,50841.0,51084,50799,50404,50406,50284,49984,49432,49525,49364,49336,46384,45547,44719,42740,41987,41194,37294,39957,39409,38651,37862,37442,23070.0,23012.0,23059.0,22620.0,22204.0,21365.0,20795.0,20599.0,19479.0,19053.0,19928.0,19800.0,20423.0,20561.0,20996.0,21214.0,21418.0,21504.0,21408.0,20739.0,20370.0,19843.0,17577.0
75,75,11,19823.0,21391,22482,25367,26939,28216,29071,29969,28722,29368,29562,28989,28113,29470,31244,32691,32443,33026,32612,32680,32233,31713,30999,115028.0,117460,117348,116185,116238,115905,115701,114327,114031,114048,113096,106689,106694,105560,104758,102982,102696,71753,103461,103852,103906,104249,105281,80466.0,79419.0,77687.0,72597.0,70607.0,68815.0,66980.0,66654.0,61878.0,60463.0,60448.0,58102.0,56841.0,55950.0,55019.0,53872.0,51480.0,51075.0,46947.0,44640.0,39719.0,35188.0,28123.0
76,76,23,19138.0,19060,19405,19463,19746,19728,20195,20571,19361,19324,19707,19410,19486,19977,20179,20352,20245,19931,19523,19160,18990,18513,18080,93519.0,93166,92693,92050,91970,92066,91938,92128,92294,92810,93117,89075,88881,89244,89833,90233,90997,86516,90804,90754,90515,90229,90101,76130.0,76764.0,75808.0,74308.0,73185.0,71413.0,72055.0,72963.0,70033.0,69411.0,72181.0,73274.0,75369.0,77615.0,79019.0,80960.0,82689.0,83567.0,82859.0,83189.0,81193.0,78692.0,76394.0
77,77,11,19388.0,19334,18800,18251,18506,18494,18607,18514,16725,15845,15391,15125,14226,14698,15262,15294,13601,14878,14662,14641,13985,12726,11454,119971.0,118138,116461,114651,113799,112650,111683,110322,109170,108669,108531,100986,98967,97788,97028,95794,94405,85772,92528,92175,91223,89892,88687,54290.0,54224.0,53208.0,51688.0,50766.0,49278.0,48909.0,48902.0,46344.0,45846.0,47176.0,47420.0,47646.0,48367.0,49473.0,49837.0,48543.0,51789.0,49986.0,50121.0,48820.0,47075.0,45110.0
78,78,11,13467.0,13408,13223,13152,13374,13424,13475,13470,11907,11479,11677,11256,11110,11482,12303,13175,12807,14183,14499,14983,15661,14974,14849,120925.0,120354,119395,118658,118203,117337,116532,116163,116246,115960,115832,107831,106874,105786,106999,106287,106649,86518,103428,103358,103187,102277,101579,49022.0,48312.0,47240.0,46307.0,45258.0,43946.0,43941.0,44352.0,41921.0,41679.0,42678.0,42981.0,42860.0,43638.0,44359.0,43835.0,43494.0,42641.0,41735.0,42356.0,39733.0,37719.0,35749.0
79,79,54,6970.0,7053,7000,6929,6614,6527,6724,6624,6093,6018,6199,6042,6150,6285,6334,6395,6232,6054,5949,5910,5915,5885,5850,25264.0,25220,25014,24769,24511,24232,24003,23662,23486,23338,23312,22030,21718,21631,21562,21456,21527,20532,21573,21659,21703,21815,21986,11466.0,11593.0,11499.0,11333.0,11298.0,11263.0,11214.0,11199.0,10647.0,10711.0,11290.0,11646.0,12173.0,12927.0,13424.0,13959.0,14621.0,14981.0,15467.0,15876.0,15765.0,15931.0,15436.0
80,80,22,11603.0,11863,11861,11972,12054,12040,12369,12330,11557,11422,11515,11335,11468,11723,11746,11819,11496,11170,10884,10453,10105,9770,9368,40057.0,40029,39914,39750,39645,39435,39312,39090,39068,39230,39249,37166,36889,36579,36547,36654,36849,35036,36327,36287,36122,35971,35993,24351.0,24106.0,23806.0,23368.0,23251.0,22645.0,22668.0,22269.0,21041.0,20901.0,21393.0,21493.0,22384.0,23082.0,23766.0,24165.0,24778.0,25304.0,25330.0,25310.0,24885.0,24304.0,23733.0
81,81,73,9305.0,9284,9196,9087,9178,9088,9267,9020,8383,8227,8143,7967,7965,8007,7966,7848,7604,7337,7167,6933,6803,6536,6435,25394.0,25257,25002,24807,24582,24501,24435,24212,24046,23727,23467,21724,21258,20845,20569,20285,20175,18892,19932,19443,19360,19290,19048,12040.0,12234.0,12252.0,11929.0,11817.0,11553.0,11649.0,11728.0,11417.0,11362.0,11679.0,11914.0,12475.0,12893.0,13147.0,13536.0,13697.0,13948.0,14056.0,14044.0,14015.0,13919.0,13546.0
82,82,73,6800.0,6933,6882,6805,6618,6613,6771,6638,6006,5828,5793,5541,5402,5385,5268,5128,4932,4632,4432,4262,4119,3890,3732,18503.0,18428,18148,17757,17357,17011,16644,16296,15782,15181,14768,13322,12819,12506,12098,11683,11429,10571,10856,10630,10433,10239,10076,7071.0,7219.0,7236.0,7026.0,6886.0,6542.0,6391.0,6257.0,5896.0,5762.0,5964.0,6115.0,6398.0,6639.0,6679.0,6886.0,7042.0,7168.0,7181.0,7198.0,7084.0,6924.0,6766.0
83,83,93,27027.0,27231,27435,26940,26947,27061,27691,27830,26565,26715,27417,27093,27496,28411,28691,28609,28183,27444,26750,25681,26081,24583,23744,66898.0,66818,66346,65874,65891,65709,65647,65354,65495,65710,65486,58010,56949,55785,54601,53172,51960,47500,49526,48077,47822,46651,45550,28102.0,27960.0,27639.0,26747.0,26516.0,25895.0,26109.0,26414.0,25755.0,25641.0,26646.0,26964.0,28154.0,29365.0,29650.0,30252.0,30973.0,31545.0,31710.0,30733.0,30842.0,30308.0,29977.0
84,84,93,15549.0,15598,15566,15462,15523,15414,15667,15426,14530,14237,14424,14101,13934,14132,14283,14152,13760,13678,13163,12773,12514,12162,11580,39390.0,39403,38986,38542,38206,38071,37717,37562,37324,37254,37220,35186,34736,34261,33865,33135,32648,30052,31647,31198,30545,29858,29228,22082.0,21957.0,21686.0,21327.0,20794.0,20537.0,20443.0,20740.0,20302.0,20648.0,21666.0,22051.0,22825.0,23846.0,24453.0,25061.0,25574.0,26230.0,26221.0,26092.0,26009.0,25613.0,25270.0
85,85,52,11148.0,11300,11189,11015,11050,10795,11060,10770,9697,9430,9389,9025,8888,8992,9025,8971,8925,8449,8035,8142,8264,8098,7920,49593.0,49243,48683,47925,47324,46539,45671,44610,43620,42505,41859,39894,38865,38113,37580,37113,36925,34974,36715,36698,36749,36634,36816,18680.0,18892.0,19146.0,19128.0,19019.0,18661.0,18780.0,18630.0,17239.0,16924.0,17644.0,18104.0,19078.0,19996.0,21005.0,21739.0,22814.0,23062.0,23025.0,23377.0,23223.0,22727.0,22102.0
86,86,54,7654.0,7542,7546,7517,7517,7603,7721,7480,6820,6540,6556,6218,6252,6287,6230,6373,6151,6058,5748,5712,5680,5509,5363,29197.0,28996,28656,28253,27998,27781,27489,27227,26959,26706,26416,24067,23530,23347,23199,22941,22878,21380,22517,22484,22405,22306,22089,18137.0,18444.0,18231.0,18039.0,17949.0,17661.0,17837.0,17832.0,16763.0,16527.0,17073.0,17332.0,17885.0,18651.0,18957.0,19385.0,19705.0,20038.0,20095.0,20014.0,19757.0,19456.0,18881.0
87,87,74,5829.0,5936,5905,5757,5656,5729,5777,5672,5087,4929,4993,4917,5060,5159,5274,5256,5020,4869,4741,4616,4542,4359,4290,22053.0,21823,21655,21402,21254,21096,20982,20724,20631,20401,20166,18431,17902,17762,17646,17474,17356,16133,17133,17012,16840,16849,16842,17696.0,17694.0,17711.0,17464.0,17436.0,16955.0,17010.0,17003.0,16302.0,16006.0,16270.0,16275.0,16554.0,16944.0,17056.0,17450.0,17791.0,18017.0,18153.0,18377.0,18322.0,18160.0,17766.0
88,88,41,8146.0,8258,8311,8345,8313,8407,8659,8544,7973,7654,7573,7358,7294,7249,7122,7134,7070,6937,6730,6664,6469,6114,5864,24789.0,25299,25589,25754,26109,26391,26679,26703,27099,27283,27365,25945,25724,25626,25824,26050,26294,25292,26427,26639,26675,26617,26744,15988.0,16385.0,16256.0,16133.0,16150.0,16049.0,16092.0,15873.0,15185.0,15283.0,15896.0,16056.0,16823.0,17416.0,17996.0,18692.0,19485.0,20282.0,20693.0,20935.0,20979.0,20773.0,20454.0
89,89,26,6456.0,6522,6499,6460,6670,6740,6833,6893,6340,6116,6203,6063,5920,6012,5952,5928,5812,5505,5256,4986,4772,4598,4307,23059.0,23024,23130,23080,23061,23079,23035,22998,23087,23162,23065,21655,21351,21138,21220,21202,21200,19840,20761,20635,20400,20267,20141,13219.0,13249.0,13240.0,13088.0,12564.0,12279.0,12374.0,12295.0,11766.0,11820.0,12082.0,12195.0,12323.0,12484.0,12805.0,13247.0,13585.0,13783.0,14162.0,14449.0,14250.0,13979.0,13655.0
90,90,43,2318.0,2383,2290,2396,2435,2390,2403,2450,2270,2177,2130,2089,1998,2008,2069,2052,2031,2025,1948,1920,1965,1869,1828,9848.0,9958,9891,9946,9958,9955,9985,9789,9873,9972,10031,9313,9250,9211,9261,9203,9170,8708,9197,9231,9187,9106,9125,8513.0,8594.0,8512.0,8391.0,8191.0,7964.0,8060.0,8066.0,7731.0,7630.0,7852.0,7880.0,8035.0,8086.0,8342.0,8576.0,8854.0,9039.0,9095.0,9339.0,9467.0,9318.0,9127.0
91,91,11,17229.0,17006,15985,15624,16231,16507,16575,16536,14619,14910,14645,14139,13929,14288,14710,15216,14107,14948,15419,15392,15101,14346,14206,108638.0,107529,105597,103980,102992,101956,101000,100294,100029,100178,99735,92746,90726,89717,88583,88094,87176,75339,85270,84708,83978,83067,81301,52632.0,51511.0,49434.0,46524.0,44828.0,43784.0,43534.0,43711.0,40551.0,41575.0,42772.0,41558.0,41194.0,41934.0,41876.0,41658.0,40950.0,41403.0,40541.0,40769.0,38541.0,36570.0,33432.0
92,92,11,15402.0,15951,16629,17692,18799,19145,19865,20695,19293,19023,19132,18645,18352,19243,20152,20970,21127,22096,22006,22436,22312,21663,20726,121507.0,121404,120068,118286,117145,116301,114384,112876,111942,110459,109101,101919,99987,98309,96939,95355,93428,70129,90971,89352,87793,86160,84927,60436.0,60165.0,59125.0,56966.0,55300.0,54472.0,53994.0,53997.0,50726.0,49967.0,51150.0,49578.0,49107.0,49162.0,48471.0,47360.0,46315.0,45847.0,42385.0,40253.0,37059.0,33342.0,28997.0
93,93,11,40323.0,40397,40059,39517,39520,39143,39398,40376,37857,37006,36660,35922,33908,34468,34207,34644,34004,33487,33281,32940,32001,32720,33820,137981.0,135339,132765,130570,128870,128024,126371,124912,123990,122458,121291,116038,113739,112125,111028,109546,108454,100507,104974,104497,103282,102887,102255,111058.0,109335.0,107164.0,103615.0,100171.0,97287.0,96502.0,98938.0,93557.0,92711.0,95196.0,95916.0,94693.0,95145.0,93838.0,90888.0,87584.0,85075.0,79679.0,77570.0,72073.0,66439.0,57484.0
94,94,11,21616.0,21740,21413,21482,22129,23294,23935,23519,21873,21601,22250,21975,21224,21983,21958,22476,21077,22576,23271,23669,23263,22544,21556,105284.0,104403,102575,101076,100382,99848,99383,97761,97224,96402,95736,89567,87577,86088,85289,83865,83634,71118,81768,81098,79998,78934,77733,64951.0,64396.0,62794.0,60641.0,59647.0,58313.0,56993.0,55900.0,52524.0,51610.0,52220.0,50991.0,49276.0,48752.0,48303.0,46844.0,44955.0,45368.0,41271.0,40154.0,37488.0,34762.0,31067.0
95,95,11,20929.0,20928,19965,19644,20181,20327,20004,19963,18341,18216,18500,17921,17640,17500,17274,16861,16643,17702,17226,17428,17238,16539,15886,107397.0,106696,104627,102998,102279,101593,100738,100067,100210,100150,99665,94367,92616,91856,91377,90603,90510,80878,88962,88898,87970,86624,85727,58081.0,58034.0,56596.0,54240.0,54141.0,53375.0,52135.0,52390.0,50112.0,50376.0,52616.0,52615.0,52127.0,52826.0,52804.0,52531.0,52519.0,54629.0,51950.0,50892.0,48341.0,45688.0,42067.0
96,971,01,24229.0,24295,24182,23953,24153,23852,23424,23088,21988,23872,23990,23109,21994,20831,20017,18747,17578,16193,15147,13345,11371,10478,8949,53905.0,54693,55586,56111,56731,57661,58172,60658,58346,63571,62872,62260,60567,59167,58289,56515,55403,50156,52514,50719,55140,54198,52495,,,,,,,,,,,,,,,,,,,,,,,
97,972,02,21361.0,21758,21940,21848,22368,22341,22096,21853,21766,21601,21814,21272,20783,20064,19563,18353,17000,16327,15150,13957,12911,12060,10680,45762.0,46711,47953,48718,49859,51166,51944,53632,53703,53719,53599,53208,52214,51300,50717,49834,49098,45474,47815,46894,51177,50335,48967,,,,,,,,,,,,,,,,,,,,,,,
98,973,03,11915.0,11149,10674,9787,9573,9315,9073,8823,8539,8322,8163,7860,7563,7248,7161,6837,6627,6414,5932,5376,4779,4052,3439,31962.0,31242,30561,29291,28397,28064,26952,26578,25614,24755,24026,22994,21655,20740,20264,19263,18656,16758,17479,16744,18116,16687,15356,,,,,,,,,,,,,,,,,,,,,,,
99,974,04,65336.0,65030,63472,62652,62420,61368,60591,58971,57535,56968,57434,56442,55786,54689,53507,51623,49180,46626,43504,40006,36993,34187,31160,129702.0,129357,128748,128250,128168,127329,126562,126850,125098,123408,121892,119865,116343,113778,111040,108639,106555,99165,101069,98192,107412,104571,101204,,,,,,,,,,,,,,,,,,,,,,,
